This is pdfTeX, Version 3.141592653-2.6-1.40.27 (TeX Live 2025/Homebrew) (preloaded format=pdflatex 2025.3.15)  21 APR 2026 18:50
entering extended mode
 restricted \write18 enabled.
 %&-line parsing enabled.
**main.tex
(./main.tex
LaTeX2e <2024-11-01> patch level 2
L3 programming layer <2025-01-18>

(/opt/homebrew/Cellar/texlive/20250308_1/share/texmf-dist/tex/latex/ieeetran/IE
EEtran.cls
Document Class: IEEEtran 2015/08/26 V1.8b by Michael Shell
-- See the "IEEEtran_HOWTO" manual for usage information.
-- http://www.michaelshell.org/tex/ieeetran/
\@IEEEtrantmpdimenA=\dimen141
\@IEEEtrantmpdimenB=\dimen142
\@IEEEtrantmpdimenC=\dimen143
\@IEEEtrantmpcountA=\count196
\@IEEEtrantmpcountB=\count197
\@IEEEtrantmpcountC=\count198
\@IEEEtrantmptoksA=\toks17
LaTeX Font Info:    Trying to load font information for OT1+ptm on input line 5
03.

(/opt/homebrew/Cellar/texlive/20250308_1/share/texmf-dist/tex/latex/psnfss/ot1p
tm.fd
File: ot1ptm.fd 2001/06/04 font definitions for OT1/ptm.
)
-- Using 8.5in x 11in (letter) paper.
-- Using PDF output.
\@IEEEnormalsizeunitybaselineskip=\dimen144
-- This is a 10 point document.
\CLASSINFOnormalsizebaselineskip=\dimen145
\CLASSINFOnormalsizeunitybaselineskip=\dimen146
\IEEEnormaljot=\dimen147
LaTeX Font Info:    Font shape `OT1/ptm/bx/n' in size <5> not available
(Font)              Font shape `OT1/ptm/b/n' tried instead on input line 1090.
LaTeX Font Info:    Font shape `OT1/ptm/bx/it' in size <5> not available
(Font)              Font shape `OT1/ptm/b/it' tried instead on input line 1090.

LaTeX Font Info:    Font shape `OT1/ptm/bx/n' in size <7> not available
(Font)              Font shape `OT1/ptm/b/n' tried instead on input line 1090.
LaTeX Font Info:    Font shape `OT1/ptm/bx/it' in size <7> not available
(Font)              Font shape `OT1/ptm/b/it' tried instead on input line 1090.

LaTeX Font Info:    Font shape `OT1/ptm/bx/n' in size <8> not available
(Font)              Font shape `OT1/ptm/b/n' tried instead on input line 1090.
LaTeX Font Info:    Font shape `OT1/ptm/bx/it' in size <8> not available
(Font)              Font shape `OT1/ptm/b/it' tried instead on input line 1090.

LaTeX Font Info:    Font shape `OT1/ptm/bx/n' in size <9> not available
(Font)              Font shape `OT1/ptm/b/n' tried instead on input line 1090.
LaTeX Font Info:    Font shape `OT1/ptm/bx/it' in size <9> not available
(Font)              Font shape `OT1/ptm/b/it' tried instead on input line 1090.

LaTeX Font Info:    Font shape `OT1/ptm/bx/n' in size <10> not available
(Font)              Font shape `OT1/ptm/b/n' tried instead on input line 1090.
LaTeX Font Info:    Font shape `OT1/ptm/bx/it' in size <10> not available
(Font)              Font shape `OT1/ptm/b/it' tried instead on input line 1090.

LaTeX Font Info:    Font shape `OT1/ptm/bx/n' in size <11> not available
(Font)              Font shape `OT1/ptm/b/n' tried instead on input line 1090.
LaTeX Font Info:    Font shape `OT1/ptm/bx/it' in size <11> not available
(Font)              Font shape `OT1/ptm/b/it' tried instead on input line 1090.

LaTeX Font Info:    Font shape `OT1/ptm/bx/n' in size <12> not available
(Font)              Font shape `OT1/ptm/b/n' tried instead on input line 1090.
LaTeX Font Info:    Font shape `OT1/ptm/bx/it' in size <12> not available
(Font)              Font shape `OT1/ptm/b/it' tried instead on input line 1090.

LaTeX Font Info:    Font shape `OT1/ptm/bx/n' in size <17> not available
(Font)              Font shape `OT1/ptm/b/n' tried instead on input line 1090.
LaTeX Font Info:    Font shape `OT1/ptm/bx/it' in size <17> not available
(Font)              Font shape `OT1/ptm/b/it' tried instead on input line 1090.

LaTeX Font Info:    Font shape `OT1/ptm/bx/n' in size <20> not available
(Font)              Font shape `OT1/ptm/b/n' tried instead on input line 1090.
LaTeX Font Info:    Font shape `OT1/ptm/bx/it' in size <20> not available
(Font)              Font shape `OT1/ptm/b/it' tried instead on input line 1090.

LaTeX Font Info:    Font shape `OT1/ptm/bx/n' in size <24> not available
(Font)              Font shape `OT1/ptm/b/n' tried instead on input line 1090.
LaTeX Font Info:    Font shape `OT1/ptm/bx/it' in size <24> not available
(Font)              Font shape `OT1/ptm/b/it' tried instead on input line 1090.

\IEEEquantizedlength=\dimen148
\IEEEquantizedlengthdiff=\dimen149
\IEEEquantizedtextheightdiff=\dimen150
\IEEEilabelindentA=\dimen151
\IEEEilabelindentB=\dimen152
\IEEEilabelindent=\dimen153
\IEEEelabelindent=\dimen154
\IEEEdlabelindent=\dimen155
\IEEElabelindent=\dimen156
\IEEEiednormlabelsep=\dimen157
\IEEEiedmathlabelsep=\dimen158
\IEEEiedtopsep=\skip49
\c@section=\count199
\c@subsection=\count266
\c@subsubsection=\count267
\c@paragraph=\count268
\c@IEEEsubequation=\count269
\abovecaptionskip=\skip50
\belowcaptionskip=\skip51
\c@figure=\count270
\c@table=\count271
\@IEEEeqnnumcols=\count272
\@IEEEeqncolcnt=\count273
\@IEEEsubeqnnumrollback=\count274
\@IEEEquantizeheightA=\dimen159
\@IEEEquantizeheightB=\dimen160
\@IEEEquantizeheightC=\dimen161
\@IEEEquantizeprevdepth=\dimen162
\@IEEEquantizemultiple=\count275
\@IEEEquantizeboxA=\box52
\@IEEEtmpitemindent=\dimen163
\IEEEPARstartletwidth=\dimen164
\c@IEEEbiography=\count276
\@IEEEtranrubishbin=\box53
)
(/opt/homebrew/Cellar/texlive/20250308_1/share/texmf-dist/tex/latex/geometry/ge
ometry.sty
Package: geometry 2020/01/02 v5.9 Page Geometry

(/opt/homebrew/Cellar/texlive/20250308_1/share/texmf-dist/tex/latex/graphics/ke
yval.sty
Package: keyval 2022/05/29 v1.15 key=value parser (DPC)
\KV@toks@=\toks18
)
(/opt/homebrew/Cellar/texlive/20250308_1/share/texmf-dist/tex/generic/iftex/ifv
tex.sty
Package: ifvtex 2019/10/25 v1.7 ifvtex legacy package. Use iftex instead.

(/opt/homebrew/Cellar/texlive/20250308_1/share/texmf-dist/tex/generic/iftex/ift
ex.sty
Package: iftex 2024/12/12 v1.0g TeX engine tests
))
\Gm@cnth=\count277
\Gm@cntv=\count278
\c@Gm@tempcnt=\count279
\Gm@bindingoffset=\dimen165
\Gm@wd@mp=\dimen166
\Gm@odd@mp=\dimen167
\Gm@even@mp=\dimen168
\Gm@layoutwidth=\dimen169
\Gm@layoutheight=\dimen170
\Gm@layouthoffset=\dimen171
\Gm@layoutvoffset=\dimen172
\Gm@dimlist=\toks19
)
(/opt/homebrew/Cellar/texlive/20250308_1/share/texmf-dist/tex/latex/tfrupee/tfr
upee.sty
Package: tfrupee 2010/12/15 LaTeX Support for the TechFat Rupee symbols by Tech
Fat (http://techfat.blogspot.com/2010/07/new-open-source-india-rupee-font.html)
. Adapted for use with TeX by Palle Jorgensen, hamselv(a)pallej.dk
) (./gvv-book.sty
(/opt/homebrew/Cellar/texlive/20250308_1/share/texmf-dist/tex/latex/float/float
.sty
Package: float 2001/11/08 v1.3d Float enhancements (AL)
\c@float@type=\count280
\float@exts=\toks20
\float@box=\box54
\@float@everytoks=\toks21
\@floatcapt=\box55
)
(/opt/homebrew/Cellar/texlive/20250308_1/share/texmf-dist/tex/latex/setspace/se
tspace.sty
Package: setspace 2022/12/04 v6.7b set line spacing
)
(/opt/homebrew/Cellar/texlive/20250308_1/share/texmf-dist/tex/latex/gensymb/gen
symb.sty
Package: gensymb 2022/10/17 v1.0.2 (KJH)
)
(/opt/homebrew/Cellar/texlive/20250308_1/share/texmf-dist/tex/latex/amsmath/ams
math.sty
Package: amsmath 2024/11/05 v2.17t AMS math features
\@mathmargin=\skip52
For additional information on amsmath, use the `?' option.

(/opt/homebrew/Cellar/texlive/20250308_1/share/texmf-dist/tex/latex/amsmath/ams
text.sty
Package: amstext 2021/08/26 v2.01 AMS text

(/opt/homebrew/Cellar/texlive/20250308_1/share/texmf-dist/tex/latex/amsmath/ams
gen.sty
File: amsgen.sty 1999/11/30 v2.0 generic functions
\@emptytoks=\toks22
\ex@=\dimen173
))
(/opt/homebrew/Cellar/texlive/20250308_1/share/texmf-dist/tex/latex/amsmath/ams
bsy.sty
Package: amsbsy 1999/11/29 v1.2d Bold Symbols
\pmbraise@=\dimen174
)
(/opt/homebrew/Cellar/texlive/20250308_1/share/texmf-dist/tex/latex/amsmath/ams
opn.sty
Package: amsopn 2022/04/08 v2.04 operator names
)
\inf@bad=\count281
LaTeX Info: Redefining \frac on input line 233.
\uproot@=\count282
\leftroot@=\count283
LaTeX Info: Redefining \overline on input line 398.
LaTeX Info: Redefining \colon on input line 409.
\classnum@=\count284
\DOTSCASE@=\count285
LaTeX Info: Redefining \ldots on input line 495.
LaTeX Info: Redefining \dots on input line 498.
LaTeX Info: Redefining \cdots on input line 619.
\Mathstrutbox@=\box56
\strutbox@=\box57
LaTeX Info: Redefining \big on input line 721.
LaTeX Info: Redefining \Big on input line 722.
LaTeX Info: Redefining \bigg on input line 723.
LaTeX Info: Redefining \Bigg on input line 724.
\big@size=\dimen175
LaTeX Font Info:    Redeclaring font encoding OML on input line 742.
LaTeX Font Info:    Redeclaring font encoding OMS on input line 743.
\macc@depth=\count286
LaTeX Info: Redefining \bmod on input line 904.
LaTeX Info: Redefining \pmod on input line 909.
LaTeX Info: Redefining \smash on input line 939.
LaTeX Info: Redefining \relbar on input line 969.
LaTeX Info: Redefining \Relbar on input line 970.
\c@MaxMatrixCols=\count287
\dotsspace@=\muskip17
\c@parentequation=\count288
\dspbrk@lvl=\count289
\tag@help=\toks23
\row@=\count290
\column@=\count291
\maxfields@=\count292
\andhelp@=\toks24
\eqnshift@=\dimen176
\alignsep@=\dimen177
\tagshift@=\dimen178
\tagwidth@=\dimen179
\totwidth@=\dimen180
\lineht@=\dimen181
\@envbody=\toks25
\multlinegap=\skip53
\multlinetaggap=\skip54
\mathdisplay@stack=\toks26
LaTeX Info: Redefining \[ on input line 2953.
LaTeX Info: Redefining \] on input line 2954.
)
(/opt/homebrew/Cellar/texlive/20250308_1/share/texmf-dist/tex/latex/siunitx/siu
nitx.sty
Package: siunitx 2025-02-27 v3.4.6 A comprehensive (SI) units package
\l__siunitx_number_uncert_offset_int=\count293
\l__siunitx_number_exponent_fixed_int=\count294
\l__siunitx_number_min_decimal_int=\count295
\l__siunitx_number_min_integer_int=\count296
\l__siunitx_number_round_precision_int=\count297
\l__siunitx_number_lower_threshold_int=\count298
\l__siunitx_number_upper_threshold_int=\count299
\l__siunitx_number_group_first_int=\count300
\l__siunitx_number_group_size_int=\count301
\l__siunitx_number_group_minimum_int=\count302
\l__siunitx_angle_tmp_dim=\dimen182
\l__siunitx_angle_marker_box=\box58
\l__siunitx_angle_unit_box=\box59
\l__siunitx_compound_count_int=\count303

(/opt/homebrew/Cellar/texlive/20250308_1/share/texmf-dist/tex/latex/translation
s/translations.sty
Package: translations 2022/02/05 v1.12 internationalization of LaTeX2e packages
 (CN)

(/opt/homebrew/Cellar/texlive/20250308_1/share/texmf-dist/tex/latex/etoolbox/et
oolbox.sty
Package: etoolbox 2025/02/11 v2.5l e-TeX tools for LaTeX (JAW)
\etb@tempcnta=\count304
)
(/opt/homebrew/Cellar/texlive/20250308_1/share/texmf-dist/tex/generic/pdftexcmd
s/pdftexcmds.sty
Package: pdftexcmds 2020-06-27 v0.33 Utility functions of pdfTeX for LuaTeX (HO
)

(/opt/homebrew/Cellar/texlive/20250308_1/share/texmf-dist/tex/generic/infwarerr
/infwarerr.sty
Package: infwarerr 2019/12/03 v1.5 Providing info/warning/error messages (HO)
)
(/opt/homebrew/Cellar/texlive/20250308_1/share/texmf-dist/tex/generic/ltxcmds/l
txcmds.sty
Package: ltxcmds 2023-12-04 v1.26 LaTeX kernel commands for general use (HO)
)
Package pdftexcmds Info: \pdf@primitive is available.
Package pdftexcmds Info: \pdf@ifprimitive is available.
Package pdftexcmds Info: \pdfdraftmode found.
))
\l__siunitx_table_tmp_box=\box60
\l__siunitx_table_tmp_dim=\dimen183
\l__siunitx_table_column_width_dim=\dimen184
\l__siunitx_table_integer_box=\box61
\l__siunitx_table_decimal_box=\box62
\l__siunitx_table_uncert_box=\box63
\l__siunitx_table_before_box=\box64
\l__siunitx_table_after_box=\box65
\l__siunitx_table_before_dim=\dimen185
\l__siunitx_table_carry_dim=\dimen186
\l__siunitx_unit_tmp_int=\count305
\l__siunitx_unit_position_int=\count306
\l__siunitx_unit_total_int=\count307

(/opt/homebrew/Cellar/texlive/20250308_1/share/texmf-dist/tex/latex/tools/array
.sty
Package: array 2024/10/17 v2.6g Tabular extension package (FMi)
\col@sep=\dimen187
\ar@mcellbox=\box66
\extrarowheight=\dimen188
\NC@list=\toks27
\extratabsurround=\skip55
\backup@length=\skip56
\ar@cellbox=\box67
))
(/opt/homebrew/Cellar/texlive/20250308_1/share/texmf-dist/tex/latex/amscls/amst
hm.sty
Package: amsthm 2020/05/29 v2.20.6
\thm@style=\toks28
\thm@bodyfont=\toks29
\thm@headfont=\toks30
\thm@notefont=\toks31
\thm@headpunct=\toks32
\thm@preskip=\skip57
\thm@postskip=\skip58
\thm@headsep=\skip59
\dth@everypar=\toks33
)
(/opt/homebrew/Cellar/texlive/20250308_1/share/texmf-dist/tex/latex/jknapltx/ma
thrsfs.sty
Package: mathrsfs 1996/01/01 Math RSFS package v1.0 (jk)
\symrsfs=\mathgroup4
)
(/opt/homebrew/Cellar/texlive/20250308_1/share/texmf-dist/tex/latex/txfonts/txf
onts.sty
Package: txfonts 2008/01/22 v3.2.1
LaTeX Font Info:    Redeclaring symbol font `operators' on input line 21.
LaTeX Font Info:    Overwriting symbol font `operators' in version `normal'
(Font)                  OT1/cmr/m/n --> OT1/txr/m/n on input line 21.
LaTeX Font Info:    Overwriting symbol font `operators' in version `bold'
(Font)                  OT1/cmr/bx/n --> OT1/txr/m/n on input line 21.
LaTeX Font Info:    Overwriting symbol font `operators' in version `bold'
(Font)                  OT1/txr/m/n --> OT1/txr/bx/n on input line 22.
\symitalic=\mathgroup5
LaTeX Font Info:    Overwriting symbol font `italic' in version `bold'
(Font)                  OT1/txr/m/it --> OT1/txr/bx/it on input line 26.
LaTeX Font Info:    Redeclaring math alphabet \mathbf on input line 29.
LaTeX Font Info:    Overwriting math alphabet `\mathbf' in version `normal'
(Font)                  OT1/cmr/bx/n --> OT1/txr/bx/n on input line 29.
LaTeX Font Info:    Overwriting math alphabet `\mathbf' in version `bold'
(Font)                  OT1/cmr/bx/n --> OT1/txr/bx/n on input line 29.
LaTeX Font Info:    Redeclaring math alphabet \mathit on input line 30.
LaTeX Font Info:    Overwriting math alphabet `\mathit' in version `normal'
(Font)                  OT1/cmr/m/it --> OT1/txr/m/it on input line 30.
LaTeX Font Info:    Overwriting math alphabet `\mathit' in version `bold'
(Font)                  OT1/cmr/bx/it --> OT1/txr/m/it on input line 30.
LaTeX Font Info:    Overwriting math alphabet `\mathit' in version `bold'
(Font)                  OT1/txr/m/it --> OT1/txr/bx/it on input line 31.
LaTeX Font Info:    Redeclaring math alphabet \mathsf on input line 40.
LaTeX Font Info:    Overwriting math alphabet `\mathsf' in version `normal'
(Font)                  OT1/cmss/m/n --> OT1/txss/m/n on input line 40.
LaTeX Font Info:    Overwriting math alphabet `\mathsf' in version `bold'
(Font)                  OT1/cmss/bx/n --> OT1/txss/m/n on input line 40.
LaTeX Font Info:    Overwriting math alphabet `\mathsf' in version `bold'
(Font)                  OT1/txss/m/n --> OT1/txss/b/n on input line 41.
LaTeX Font Info:    Redeclaring math alphabet \mathtt on input line 50.
LaTeX Font Info:    Overwriting math alphabet `\mathtt' in version `normal'
(Font)                  OT1/cmtt/m/n --> OT1/txtt/m/n on input line 50.
LaTeX Font Info:    Overwriting math alphabet `\mathtt' in version `bold'
(Font)                  OT1/cmtt/m/n --> OT1/txtt/m/n on input line 50.
LaTeX Font Info:    Overwriting math alphabet `\mathtt' in version `bold'
(Font)                  OT1/txtt/m/n --> OT1/txtt/b/n on input line 51.
LaTeX Font Info:    Redeclaring symbol font `letters' on input line 58.
LaTeX Font Info:    Overwriting symbol font `letters' in version `normal'
(Font)                  OML/cmm/m/it --> OML/txmi/m/it on input line 58.
LaTeX Font Info:    Overwriting symbol font `letters' in version `bold'
(Font)                  OML/cmm/b/it --> OML/txmi/m/it on input line 58.
LaTeX Font Info:    Overwriting symbol font `letters' in version `bold'
(Font)                  OML/txmi/m/it --> OML/txmi/bx/it on input line 59.
\symlettersA=\mathgroup6
LaTeX Font Info:    Overwriting symbol font `lettersA' in version `bold'
(Font)                  U/txmia/m/it --> U/txmia/bx/it on input line 67.
LaTeX Font Info:    Redeclaring symbol font `symbols' on input line 77.
LaTeX Font Info:    Overwriting symbol font `symbols' in version `normal'
(Font)                  OMS/cmsy/m/n --> OMS/txsy/m/n on input line 77.
LaTeX Font Info:    Overwriting symbol font `symbols' in version `bold'
(Font)                  OMS/cmsy/b/n --> OMS/txsy/m/n on input line 77.
LaTeX Font Info:    Overwriting symbol font `symbols' in version `bold'
(Font)                  OMS/txsy/m/n --> OMS/txsy/bx/n on input line 78.
\symAMSa=\mathgroup7
LaTeX Font Info:    Overwriting symbol font `AMSa' in version `bold'
(Font)                  U/txsya/m/n --> U/txsya/bx/n on input line 94.
\symAMSb=\mathgroup8
LaTeX Font Info:    Overwriting symbol font `AMSb' in version `bold'
(Font)                  U/txsyb/m/n --> U/txsyb/bx/n on input line 103.
\symsymbolsC=\mathgroup9
LaTeX Font Info:    Overwriting symbol font `symbolsC' in version `bold'
(Font)                  U/txsyc/m/n --> U/txsyc/bx/n on input line 113.
LaTeX Font Info:    Redeclaring symbol font `largesymbols' on input line 120.
LaTeX Font Info:    Overwriting symbol font `largesymbols' in version `normal'
(Font)                  OMX/cmex/m/n --> OMX/txex/m/n on input line 120.
LaTeX Font Info:    Overwriting symbol font `largesymbols' in version `bold'
(Font)                  OMX/cmex/m/n --> OMX/txex/m/n on input line 120.
LaTeX Font Info:    Overwriting symbol font `largesymbols' in version `bold'
(Font)                  OMX/txex/m/n --> OMX/txex/bx/n on input line 121.
\symlargesymbolsA=\mathgroup10
LaTeX Font Info:    Overwriting symbol font `largesymbolsA' in version `bold'
(Font)                  U/txexa/m/n --> U/txexa/bx/n on input line 129.
LaTeX Font Info:    Redeclaring math symbol \mathsterling on input line 164.
LaTeX Font Info:    Redeclaring math symbol \hbar on input line 591.
LaTeX Info: Redefining \not on input line 1043.
LaTeX Info: Redefining \textsquare on input line 1063.
LaTeX Info: Redefining \openbox on input line 1064.
)
(/opt/homebrew/Cellar/texlive/20250308_1/share/texmf-dist/tex/latex/sttools/stf
loats.sty
Package: stfloats 2017/03/27 v3.3 Improve float mechanism and baselineskip sett
ings
\@dblbotnum=\count308
\c@dblbotnumber=\count309
)
(/opt/homebrew/Cellar/texlive/20250308_1/share/texmf-dist/tex/latex/steinmetz/s
teinmetz.sty
Package: steinmetz 2009/06/14 v1.0 Steinmetz symbol for electrotechnics

(/opt/homebrew/Cellar/texlive/20250308_1/share/texmf-dist/tex/latex/pict2e/pict
2e.sty
Package: pict2e 2020/09/30 v0.4b Improved picture commands (HjG,RN,JT)

(/opt/homebrew/Cellar/texlive/20250308_1/share/texmf-dist/tex/latex/pict2e/pict
2e.cfg
File: pict2e.cfg 2016/02/05 v0.1u pict2e configuration for teTeX/TeXLive
)
Package pict2e Info: Driver file: pdftex.def on input line 112.

(/opt/homebrew/Cellar/texlive/20250308_1/share/texmf-dist/tex/latex/graphics-de
f/pdftex.def
File: pdftex.def 2024/04/13 v1.2c Graphics/color driver for pdftex
)
Package pict2e Info: Driver file for pict2e: p2e-pdftex.def on input line 114.

(/opt/homebrew/Cellar/texlive/20250308_1/share/texmf-dist/tex/latex/pict2e/p2e-
pdftex.def
File: p2e-pdftex.def 2016/02/05 v0.1u Driver-dependant file (RN,HjG,JT)
)
(/opt/homebrew/Cellar/texlive/20250308_1/share/texmf-dist/tex/latex/graphics/tr
ig.sty
Package: trig 2023/12/02 v1.11 sin cos tan (DPC)
)
\pIIe@GRAPH=\toks34
\@arclen=\dimen189
\@arcrad=\dimen190
\pIIe@tempdima=\dimen191
\pIIe@tempdimb=\dimen192
\pIIe@tempdimc=\dimen193
\pIIe@tempdimd=\dimen194
\pIIe@tempdime=\dimen195
\pIIe@tempdimf=\dimen196
)
\stm@phasebox=\box68
\stm@phasedp=\skip60
\stm@phaseht=\skip61
\stm@phasetot=\skip62
\stm@phasewd=\skip63
)
(/opt/homebrew/Cellar/texlive/20250308_1/share/texmf-dist/tex/latex/tools/bm.st
y
Package: bm 2023/12/19 v1.2f Bold Symbol Support (DPC/FMi)
\symboldoperators=\mathgroup11
\symboldletters=\mathgroup12
\symboldsymbols=\mathgroup13
\symboldlargesymbols=\mathgroup14
Package bm Info: No bold for \U/rsfs/m/n, using \pmb.
LaTeX Font Info:    Redeclaring math alphabet \mathbf on input line 149.
)
(/opt/homebrew/Cellar/texlive/20250308_1/share/texmf-dist/tex/latex/cite/cite.s
ty
LaTeX Info: Redefining \cite on input line 302.
LaTeX Info: Redefining \nocite on input line 332.
Package: cite 2015/02/27  v 5.5
)
(/opt/homebrew/Cellar/texlive/20250308_1/share/texmf-dist/tex/latex/cases/cases
.sty
Package: cases 2020/03/29 ver 3.2
\numc@numwid=\dimen197
)
(/opt/homebrew/Cellar/texlive/20250308_1/share/texmf-dist/tex/latex/subfig/subf
ig.sty
Package: subfig 2005/06/28 ver: 1.3 subfig package

(/opt/homebrew/Cellar/texlive/20250308_1/share/texmf-dist/tex/latex/caption/cap
tion.sty
Package: caption 2023/08/05 v3.6o Customizing captions (AR)

(/opt/homebrew/Cellar/texlive/20250308_1/share/texmf-dist/tex/latex/caption/cap
tion3.sty
Package: caption3 2023/07/31 v2.4d caption3 kernel (AR)
\caption@tempdima=\dimen198
\captionmargin=\dimen199
\caption@leftmargin=\dimen256
\caption@rightmargin=\dimen257
\caption@width=\dimen258
\caption@indent=\dimen259
\caption@parindent=\dimen260
\caption@hangindent=\dimen261
Package caption Info: Unknown document class (or package),
(caption)             standard defaults will be used.
Package caption Info: \@makecaption = \long macro:#1#2->\ifx \@captype \@IEEEta
blestring \footnotesize \bgroup \par \centering \@IEEEtabletopskipstrut {\norma
lfont \footnotesize #1}\\{\normalfont \footnotesize \scshape #2}\par \addvspace
 {0.5\baselineskip }\egroup \@IEEEtablecaptionsepspace \else \@IEEEfigurecaptio
nsepspace \setbox \@tempboxa \hbox {\normalfont \footnotesize {#1.}\nobreakspac
e \nobreakspace #2}\ifdim \wd \@tempboxa >\hsize \setbox \@tempboxa \hbox {\nor
malfont \footnotesize {#1.}\nobreakspace \nobreakspace }\parbox [t]{\hsize }{\n
ormalfont \footnotesize \noindent \unhbox \@tempboxa #2}\else \ifCLASSOPTIONcon
ference \hbox to\hsize {\normalfont \footnotesize \hfil \box \@tempboxa \hfil }
\else \hbox to\hsize {\normalfont \footnotesize \box \@tempboxa \hfil }\fi \fi 
\fi  on input line 1175.
)

Package caption Warning: Unknown document class (or package),
(caption)                standard defaults will be used.
See the caption package documentation for explanation.

\c@caption@flags=\count310
\c@continuedfloat=\count311
Package caption Info: float package is loaded.
)
\c@KVtest=\count312
\sf@farskip=\skip64
\sf@captopadj=\dimen262
\sf@capskip=\skip65
\sf@nearskip=\skip66
\c@subfigure=\count313
\c@subfigure@save=\count314
\c@lofdepth=\count315
\c@subtable=\count316
\c@subtable@save=\count317
\c@lotdepth=\count318
\sf@top=\skip67
\sf@bottom=\skip68
)
(/opt/homebrew/Cellar/texlive/20250308_1/share/texmf-dist/tex/latex/tools/longt
able.sty
Package: longtable 2024-10-27 v4.22 Multi-page Table package (DPC)
\LTleft=\skip69
\LTright=\skip70
\LTpre=\skip71
\LTpost=\skip72
\LTchunksize=\count319
\LTcapwidth=\dimen263
\LT@head=\box69
\LT@firsthead=\box70
\LT@foot=\box71
\LT@lastfoot=\box72
\LT@gbox=\box73
\LT@cols=\count320
\LT@rows=\count321
\c@LT@tables=\count322
\c@LT@chunks=\count323
\LT@p@ftn=\toks35
)
(/opt/homebrew/Cellar/texlive/20250308_1/share/texmf-dist/tex/latex/tools/tabul
arx.sty
Package: tabularx 2023/12/11 v2.12a `tabularx' package (DPC)
\TX@col@width=\dimen264
\TX@old@table=\dimen265
\TX@old@col=\dimen266
\TX@target=\dimen267
\TX@delta=\dimen268
\TX@cols=\count324
\TX@ftn=\toks36
)
(/opt/homebrew/Cellar/texlive/20250308_1/share/texmf-dist/tex/latex/multirow/mu
ltirow.sty
Package: multirow 2024/11/12 v2.9 Span multiple rows of a table
\multirow@colwidth=\skip73
\multirow@cntb=\count325
\multirow@dima=\skip74
\bigstrutjot=\dimen269
)
(/opt/homebrew/Cellar/texlive/20250308_1/share/texmf-dist/tex/latex/enumitem/en
umitem.sty
Package: enumitem 2025/02/06 v3.11 Customized lists
\labelindent=\skip75
\enit@outerparindent=\dimen270
\enit@toks=\toks37
\enit@inbox=\box74
\enit@count@id=\count326
\enitdp@description=\count327
)
(/opt/homebrew/Cellar/texlive/20250308_1/share/texmf-dist/tex/latex/mathtools/m
athtools.sty
Package: mathtools 2024/10/04 v1.31 mathematical typesetting tools

(/opt/homebrew/Cellar/texlive/20250308_1/share/texmf-dist/tex/latex/tools/calc.
sty
Package: calc 2023/07/08 v4.3 Infix arithmetic (KKT,FJ)
\calc@Acount=\count328
\calc@Bcount=\count329
\calc@Adimen=\dimen271
\calc@Bdimen=\dimen272
\calc@Askip=\skip76
\calc@Bskip=\skip77
LaTeX Info: Redefining \setlength on input line 80.
LaTeX Info: Redefining \addtolength on input line 81.
\calc@Ccount=\count330
\calc@Cskip=\skip78
)
(/opt/homebrew/Cellar/texlive/20250308_1/share/texmf-dist/tex/latex/mathtools/m
hsetup.sty
Package: mhsetup 2021/03/18 v1.4 programming setup (MH)
)
\g_MT_multlinerow_int=\count331
\l_MT_multwidth_dim=\dimen273
\origjot=\skip79
\l_MT_shortvdotswithinadjustabove_dim=\dimen274
\l_MT_shortvdotswithinadjustbelow_dim=\dimen275
\l_MT_above_intertext_sep=\dimen276
\l_MT_below_intertext_sep=\dimen277
\l_MT_above_shortintertext_sep=\dimen278
\l_MT_below_shortintertext_sep=\dimen279
\xmathstrut@box=\box75
\xmathstrut@dim=\dimen280
)
(/opt/homebrew/Cellar/texlive/20250308_1/share/texmf-dist/tex/latex/pgf/fronten
dlayer/tikz.sty
(/opt/homebrew/Cellar/texlive/20250308_1/share/texmf-dist/tex/latex/pgf/basicla
yer/pgf.sty
(/opt/homebrew/Cellar/texlive/20250308_1/share/texmf-dist/tex/latex/pgf/utiliti
es/pgfrcs.sty
(/opt/homebrew/Cellar/texlive/20250308_1/share/texmf-dist/tex/generic/pgf/utili
ties/pgfutil-common.tex
\pgfutil@everybye=\toks38
\pgfutil@tempdima=\dimen281
\pgfutil@tempdimb=\dimen282
)
(/opt/homebrew/Cellar/texlive/20250308_1/share/texmf-dist/tex/generic/pgf/utili
ties/pgfutil-latex.def
\pgfutil@abb=\box76
)
(/opt/homebrew/Cellar/texlive/20250308_1/share/texmf-dist/tex/generic/pgf/utili
ties/pgfrcs.code.tex
(/opt/homebrew/Cellar/texlive/20250308_1/share/texmf-dist/tex/generic/pgf/pgf.r
evision.tex)
Package: pgfrcs 2023-01-15 v3.1.10 (3.1.10)
))
Package: pgf 2023-01-15 v3.1.10 (3.1.10)

(/opt/homebrew/Cellar/texlive/20250308_1/share/texmf-dist/tex/latex/pgf/basicla
yer/pgfcore.sty
(/opt/homebrew/Cellar/texlive/20250308_1/share/texmf-dist/tex/latex/graphics/gr
aphicx.sty
Package: graphicx 2021/09/16 v1.2d Enhanced LaTeX Graphics (DPC,SPQR)

(/opt/homebrew/Cellar/texlive/20250308_1/share/texmf-dist/tex/latex/graphics/gr
aphics.sty
Package: graphics 2024/08/06 v1.4g Standard LaTeX Graphics (DPC,SPQR)

(/opt/homebrew/Cellar/texlive/20250308_1/share/texmf-dist/tex/latex/graphics-cf
g/graphics.cfg
File: graphics.cfg 2016/06/04 v1.11 sample graphics configuration
)
Package graphics Info: Driver file: pdftex.def on input line 106.
)
\Gin@req@height=\dimen283
\Gin@req@width=\dimen284
)
(/opt/homebrew/Cellar/texlive/20250308_1/share/texmf-dist/tex/latex/pgf/systeml
ayer/pgfsys.sty
(/opt/homebrew/Cellar/texlive/20250308_1/share/texmf-dist/tex/generic/pgf/syste
mlayer/pgfsys.code.tex
Package: pgfsys 2023-01-15 v3.1.10 (3.1.10)

(/opt/homebrew/Cellar/texlive/20250308_1/share/texmf-dist/tex/generic/pgf/utili
ties/pgfkeys.code.tex
\pgfkeys@pathtoks=\toks39
\pgfkeys@temptoks=\toks40

(/opt/homebrew/Cellar/texlive/20250308_1/share/texmf-dist/tex/generic/pgf/utili
ties/pgfkeyslibraryfiltered.code.tex
\pgfkeys@tmptoks=\toks41
))
\pgf@x=\dimen285
\pgf@y=\dimen286
\pgf@xa=\dimen287
\pgf@ya=\dimen288
\pgf@xb=\dimen289
\pgf@yb=\dimen290
\pgf@xc=\dimen291
\pgf@yc=\dimen292
\pgf@xd=\dimen293
\pgf@yd=\dimen294
\w@pgf@writea=\write3
\r@pgf@reada=\read2
\c@pgf@counta=\count332
\c@pgf@countb=\count333
\c@pgf@countc=\count334
\c@pgf@countd=\count335
\t@pgf@toka=\toks42
\t@pgf@tokb=\toks43
\t@pgf@tokc=\toks44
\pgf@sys@id@count=\count336

(/opt/homebrew/Cellar/texlive/20250308_1/share/texmf-dist/tex/generic/pgf/syste
mlayer/pgf.cfg
File: pgf.cfg 2023-01-15 v3.1.10 (3.1.10)
)
Driver file for pgf: pgfsys-pdftex.def

(/opt/homebrew/Cellar/texlive/20250308_1/share/texmf-dist/tex/generic/pgf/syste
mlayer/pgfsys-pdftex.def
File: pgfsys-pdftex.def 2023-01-15 v3.1.10 (3.1.10)

(/opt/homebrew/Cellar/texlive/20250308_1/share/texmf-dist/tex/generic/pgf/syste
mlayer/pgfsys-common-pdf.def
File: pgfsys-common-pdf.def 2023-01-15 v3.1.10 (3.1.10)
)))
(/opt/homebrew/Cellar/texlive/20250308_1/share/texmf-dist/tex/generic/pgf/syste
mlayer/pgfsyssoftpath.code.tex
File: pgfsyssoftpath.code.tex 2023-01-15 v3.1.10 (3.1.10)
\pgfsyssoftpath@smallbuffer@items=\count337
\pgfsyssoftpath@bigbuffer@items=\count338
)
(/opt/homebrew/Cellar/texlive/20250308_1/share/texmf-dist/tex/generic/pgf/syste
mlayer/pgfsysprotocol.code.tex
File: pgfsysprotocol.code.tex 2023-01-15 v3.1.10 (3.1.10)
))
(/opt/homebrew/Cellar/texlive/20250308_1/share/texmf-dist/tex/latex/xcolor/xcol
or.sty
Package: xcolor 2024/09/29 v3.02 LaTeX color extensions (UK)

(/opt/homebrew/Cellar/texlive/20250308_1/share/texmf-dist/tex/latex/graphics-cf
g/color.cfg
File: color.cfg 2016/01/02 v1.6 sample color configuration
)
Package xcolor Info: Driver file: pdftex.def on input line 274.

(/opt/homebrew/Cellar/texlive/20250308_1/share/texmf-dist/tex/latex/graphics/ma
thcolor.ltx)
Package xcolor Info: Model `cmy' substituted by `cmy0' on input line 1349.
Package xcolor Info: Model `hsb' substituted by `rgb' on input line 1353.
Package xcolor Info: Model `RGB' extended on input line 1365.
Package xcolor Info: Model `HTML' substituted by `rgb' on input line 1367.
Package xcolor Info: Model `Hsb' substituted by `hsb' on input line 1368.
Package xcolor Info: Model `tHsb' substituted by `hsb' on input line 1369.
Package xcolor Info: Model `HSB' substituted by `hsb' on input line 1370.
Package xcolor Info: Model `Gray' substituted by `gray' on input line 1371.
Package xcolor Info: Model `wave' substituted by `hsb' on input line 1372.
)
(/opt/homebrew/Cellar/texlive/20250308_1/share/texmf-dist/tex/generic/pgf/basic
layer/pgfcore.code.tex
Package: pgfcore 2023-01-15 v3.1.10 (3.1.10)

(/opt/homebrew/Cellar/texlive/20250308_1/share/texmf-dist/tex/generic/pgf/math/
pgfmath.code.tex
(/opt/homebrew/Cellar/texlive/20250308_1/share/texmf-dist/tex/generic/pgf/math/
pgfmathutil.code.tex)
(/opt/homebrew/Cellar/texlive/20250308_1/share/texmf-dist/tex/generic/pgf/math/
pgfmathparser.code.tex
\pgfmath@dimen=\dimen295
\pgfmath@count=\count339
\pgfmath@box=\box77
\pgfmath@toks=\toks45
\pgfmath@stack@operand=\toks46
\pgfmath@stack@operation=\toks47
)
(/opt/homebrew/Cellar/texlive/20250308_1/share/texmf-dist/tex/generic/pgf/math/
pgfmathfunctions.code.tex)
(/opt/homebrew/Cellar/texlive/20250308_1/share/texmf-dist/tex/generic/pgf/math/
pgfmathfunctions.basic.code.tex)
(/opt/homebrew/Cellar/texlive/20250308_1/share/texmf-dist/tex/generic/pgf/math/
pgfmathfunctions.trigonometric.code.tex)
(/opt/homebrew/Cellar/texlive/20250308_1/share/texmf-dist/tex/generic/pgf/math/
pgfmathfunctions.random.code.tex)
(/opt/homebrew/Cellar/texlive/20250308_1/share/texmf-dist/tex/generic/pgf/math/
pgfmathfunctions.comparison.code.tex)
(/opt/homebrew/Cellar/texlive/20250308_1/share/texmf-dist/tex/generic/pgf/math/
pgfmathfunctions.base.code.tex)
(/opt/homebrew/Cellar/texlive/20250308_1/share/texmf-dist/tex/generic/pgf/math/
pgfmathfunctions.round.code.tex)
(/opt/homebrew/Cellar/texlive/20250308_1/share/texmf-dist/tex/generic/pgf/math/
pgfmathfunctions.misc.code.tex)
(/opt/homebrew/Cellar/texlive/20250308_1/share/texmf-dist/tex/generic/pgf/math/
pgfmathfunctions.integerarithmetics.code.tex)
(/opt/homebrew/Cellar/texlive/20250308_1/share/texmf-dist/tex/generic/pgf/math/
pgfmathcalc.code.tex)
(/opt/homebrew/Cellar/texlive/20250308_1/share/texmf-dist/tex/generic/pgf/math/
pgfmathfloat.code.tex
\c@pgfmathroundto@lastzeros=\count340
))
(/opt/homebrew/Cellar/texlive/20250308_1/share/texmf-dist/tex/generic/pgf/math/
pgfint.code.tex)
(/opt/homebrew/Cellar/texlive/20250308_1/share/texmf-dist/tex/generic/pgf/basic
layer/pgfcorepoints.code.tex
File: pgfcorepoints.code.tex 2023-01-15 v3.1.10 (3.1.10)
\pgf@picminx=\dimen296
\pgf@picmaxx=\dimen297
\pgf@picminy=\dimen298
\pgf@picmaxy=\dimen299
\pgf@pathminx=\dimen300
\pgf@pathmaxx=\dimen301
\pgf@pathminy=\dimen302
\pgf@pathmaxy=\dimen303
\pgf@xx=\dimen304
\pgf@xy=\dimen305
\pgf@yx=\dimen306
\pgf@yy=\dimen307
\pgf@zx=\dimen308
\pgf@zy=\dimen309
)
(/opt/homebrew/Cellar/texlive/20250308_1/share/texmf-dist/tex/generic/pgf/basic
layer/pgfcorepathconstruct.code.tex
File: pgfcorepathconstruct.code.tex 2023-01-15 v3.1.10 (3.1.10)
\pgf@path@lastx=\dimen310
\pgf@path@lasty=\dimen311
)
(/opt/homebrew/Cellar/texlive/20250308_1/share/texmf-dist/tex/generic/pgf/basic
layer/pgfcorepathusage.code.tex
File: pgfcorepathusage.code.tex 2023-01-15 v3.1.10 (3.1.10)
\pgf@shorten@end@additional=\dimen312
\pgf@shorten@start@additional=\dimen313
)
(/opt/homebrew/Cellar/texlive/20250308_1/share/texmf-dist/tex/generic/pgf/basic
layer/pgfcorescopes.code.tex
File: pgfcorescopes.code.tex 2023-01-15 v3.1.10 (3.1.10)
\pgfpic=\box78
\pgf@hbox=\box79
\pgf@layerbox@main=\box80
\pgf@picture@serial@count=\count341
)
(/opt/homebrew/Cellar/texlive/20250308_1/share/texmf-dist/tex/generic/pgf/basic
layer/pgfcoregraphicstate.code.tex
File: pgfcoregraphicstate.code.tex 2023-01-15 v3.1.10 (3.1.10)
\pgflinewidth=\dimen314
)
(/opt/homebrew/Cellar/texlive/20250308_1/share/texmf-dist/tex/generic/pgf/basic
layer/pgfcoretransformations.code.tex
File: pgfcoretransformations.code.tex 2023-01-15 v3.1.10 (3.1.10)
\pgf@pt@x=\dimen315
\pgf@pt@y=\dimen316
\pgf@pt@temp=\dimen317
)
(/opt/homebrew/Cellar/texlive/20250308_1/share/texmf-dist/tex/generic/pgf/basic
layer/pgfcorequick.code.tex
File: pgfcorequick.code.tex 2023-01-15 v3.1.10 (3.1.10)
)
(/opt/homebrew/Cellar/texlive/20250308_1/share/texmf-dist/tex/generic/pgf/basic
layer/pgfcoreobjects.code.tex
File: pgfcoreobjects.code.tex 2023-01-15 v3.1.10 (3.1.10)
)
(/opt/homebrew/Cellar/texlive/20250308_1/share/texmf-dist/tex/generic/pgf/basic
layer/pgfcorepathprocessing.code.tex
File: pgfcorepathprocessing.code.tex 2023-01-15 v3.1.10 (3.1.10)
)
(/opt/homebrew/Cellar/texlive/20250308_1/share/texmf-dist/tex/generic/pgf/basic
layer/pgfcorearrows.code.tex
File: pgfcorearrows.code.tex 2023-01-15 v3.1.10 (3.1.10)
\pgfarrowsep=\dimen318
)
(/opt/homebrew/Cellar/texlive/20250308_1/share/texmf-dist/tex/generic/pgf/basic
layer/pgfcoreshade.code.tex
File: pgfcoreshade.code.tex 2023-01-15 v3.1.10 (3.1.10)
\pgf@max=\dimen319
\pgf@sys@shading@range@num=\count342
\pgf@shadingcount=\count343
)
(/opt/homebrew/Cellar/texlive/20250308_1/share/texmf-dist/tex/generic/pgf/basic
layer/pgfcoreimage.code.tex
File: pgfcoreimage.code.tex 2023-01-15 v3.1.10 (3.1.10)
)
(/opt/homebrew/Cellar/texlive/20250308_1/share/texmf-dist/tex/generic/pgf/basic
layer/pgfcoreexternal.code.tex
File: pgfcoreexternal.code.tex 2023-01-15 v3.1.10 (3.1.10)
\pgfexternal@startupbox=\box81
)
(/opt/homebrew/Cellar/texlive/20250308_1/share/texmf-dist/tex/generic/pgf/basic
layer/pgfcorelayers.code.tex
File: pgfcorelayers.code.tex 2023-01-15 v3.1.10 (3.1.10)
)
(/opt/homebrew/Cellar/texlive/20250308_1/share/texmf-dist/tex/generic/pgf/basic
layer/pgfcoretransparency.code.tex
File: pgfcoretransparency.code.tex 2023-01-15 v3.1.10 (3.1.10)
)
(/opt/homebrew/Cellar/texlive/20250308_1/share/texmf-dist/tex/generic/pgf/basic
layer/pgfcorepatterns.code.tex
File: pgfcorepatterns.code.tex 2023-01-15 v3.1.10 (3.1.10)
)
(/opt/homebrew/Cellar/texlive/20250308_1/share/texmf-dist/tex/generic/pgf/basic
layer/pgfcorerdf.code.tex
File: pgfcorerdf.code.tex 2023-01-15 v3.1.10 (3.1.10)
)))
(/opt/homebrew/Cellar/texlive/20250308_1/share/texmf-dist/tex/generic/pgf/modul
es/pgfmoduleshapes.code.tex
File: pgfmoduleshapes.code.tex 2023-01-15 v3.1.10 (3.1.10)
\pgfnodeparttextbox=\box82
)
(/opt/homebrew/Cellar/texlive/20250308_1/share/texmf-dist/tex/generic/pgf/modul
es/pgfmoduleplot.code.tex
File: pgfmoduleplot.code.tex 2023-01-15 v3.1.10 (3.1.10)
)
(/opt/homebrew/Cellar/texlive/20250308_1/share/texmf-dist/tex/latex/pgf/compati
bility/pgfcomp-version-0-65.sty
Package: pgfcomp-version-0-65 2023-01-15 v3.1.10 (3.1.10)
\pgf@nodesepstart=\dimen320
\pgf@nodesepend=\dimen321
)
(/opt/homebrew/Cellar/texlive/20250308_1/share/texmf-dist/tex/latex/pgf/compati
bility/pgfcomp-version-1-18.sty
Package: pgfcomp-version-1-18 2023-01-15 v3.1.10 (3.1.10)
))
(/opt/homebrew/Cellar/texlive/20250308_1/share/texmf-dist/tex/latex/pgf/utiliti
es/pgffor.sty
(/opt/homebrew/Cellar/texlive/20250308_1/share/texmf-dist/tex/latex/pgf/utiliti
es/pgfkeys.sty
(/opt/homebrew/Cellar/texlive/20250308_1/share/texmf-dist/tex/generic/pgf/utili
ties/pgfkeys.code.tex))
(/opt/homebrew/Cellar/texlive/20250308_1/share/texmf-dist/tex/latex/pgf/math/pg
fmath.sty
(/opt/homebrew/Cellar/texlive/20250308_1/share/texmf-dist/tex/generic/pgf/math/
pgfmath.code.tex))
(/opt/homebrew/Cellar/texlive/20250308_1/share/texmf-dist/tex/generic/pgf/utili
ties/pgffor.code.tex
Package: pgffor 2023-01-15 v3.1.10 (3.1.10)
\pgffor@iter=\dimen322
\pgffor@skip=\dimen323
\pgffor@stack=\toks48
\pgffor@toks=\toks49
))
(/opt/homebrew/Cellar/texlive/20250308_1/share/texmf-dist/tex/generic/pgf/front
endlayer/tikz/tikz.code.tex
Package: tikz 2023-01-15 v3.1.10 (3.1.10)

(/opt/homebrew/Cellar/texlive/20250308_1/share/texmf-dist/tex/generic/pgf/libra
ries/pgflibraryplothandlers.code.tex
File: pgflibraryplothandlers.code.tex 2023-01-15 v3.1.10 (3.1.10)
\pgf@plot@mark@count=\count344
\pgfplotmarksize=\dimen324
)
\tikz@lastx=\dimen325
\tikz@lasty=\dimen326
\tikz@lastxsaved=\dimen327
\tikz@lastysaved=\dimen328
\tikz@lastmovetox=\dimen329
\tikz@lastmovetoy=\dimen330
\tikzleveldistance=\dimen331
\tikzsiblingdistance=\dimen332
\tikz@figbox=\box83
\tikz@figbox@bg=\box84
\tikz@tempbox=\box85
\tikz@tempbox@bg=\box86
\tikztreelevel=\count345
\tikznumberofchildren=\count346
\tikznumberofcurrentchild=\count347
\tikz@fig@count=\count348

(/opt/homebrew/Cellar/texlive/20250308_1/share/texmf-dist/tex/generic/pgf/modul
es/pgfmodulematrix.code.tex
File: pgfmodulematrix.code.tex 2023-01-15 v3.1.10 (3.1.10)
\pgfmatrixcurrentrow=\count349
\pgfmatrixcurrentcolumn=\count350
\pgf@matrix@numberofcolumns=\count351
)
\tikz@expandcount=\count352

(/opt/homebrew/Cellar/texlive/20250308_1/share/texmf-dist/tex/generic/pgf/front
endlayer/tikz/libraries/tikzlibrarytopaths.code.tex
File: tikzlibrarytopaths.code.tex 2023-01-15 v3.1.10 (3.1.10)
)))
(/opt/homebrew/Cellar/texlive/20250308_1/share/texmf-dist/tex/latex/circuitikz/
circuitikz.sty
Package: circuitikz 2025/01/10{} The CircuiTikz circuit drawing package version
 1.7.1

(/opt/homebrew/Cellar/texlive/20250308_1/share/texmf-dist/tex/generic/pgf/front
endlayer/tikz/libraries/tikzlibrarycalc.code.tex
File: tikzlibrarycalc.code.tex 2023-01-15 v3.1.10 (3.1.10)
)
(/opt/homebrew/Cellar/texlive/20250308_1/share/texmf-dist/tex/generic/pgf/libra
ries/pgflibraryarrows.meta.code.tex
File: pgflibraryarrows.meta.code.tex 2023-01-15 v3.1.10 (3.1.10)
\pgfarrowinset=\dimen333
\pgfarrowlength=\dimen334
\pgfarrowwidth=\dimen335
\pgfarrowlinewidth=\dimen336
)
(/opt/homebrew/Cellar/texlive/20250308_1/share/texmf-dist/tex/generic/pgf/front
endlayer/tikz/libraries/tikzlibrarybending.code.tex
File: tikzlibrarybending.code.tex 2023-01-15 v3.1.10 (3.1.10)

(/opt/homebrew/Cellar/texlive/20250308_1/share/texmf-dist/tex/generic/pgf/modul
es/pgfmodulebending.code.tex
File: pgfmodulebending.code.tex 2023-01-15 v3.1.10 (3.1.10)

(/opt/homebrew/Cellar/texlive/20250308_1/share/texmf-dist/tex/generic/pgf/modul
es/pgfmodulenonlineartransformations.code.tex
File: pgfmodulenonlineartransformations.code.tex 2023-01-15 v3.1.10 (3.1.10)
\pgftransformnonlinearflatness=\dimen337
)
(/opt/homebrew/Cellar/texlive/20250308_1/share/texmf-dist/tex/generic/pgf/libra
ries/pgflibrarycurvilinear.code.tex
File: pgflibrarycurvilinear.code.tex 2023-01-15 v3.1.10 (3.1.10)
\pgf@curvilinear@time@a=\dimen338
\pgf@curvilinear@length@a=\dimen339
\pgf@curvilinear@length@b=\dimen340
\pgf@curvilinear@length@c=\dimen341
\pgf@curvilinear@length@d=\dimen342
)
\pgf@arrows@the@rigidity=\dimen343
))
(/opt/homebrew/Cellar/texlive/20250308_1/share/texmf-dist/tex/generic/pgf/front
endlayer/tikz/libraries/tikzlibraryfpu.code.tex
(/opt/homebrew/Cellar/texlive/20250308_1/share/texmf-dist/tex/generic/pgf/libra
ries/pgflibraryfpu.code.tex))
(/opt/homebrew/Cellar/texlive/20250308_1/share/texmf-dist/tex/generic/circuitik
z/pgfcirc.defines.tex
\pgf@circ@count@a=\count353
\pgf@circ@count@b=\count354
\pgf@circ@count@c=\count355
\pgf@circ@res@up=\dimen344
\pgf@circ@res@down=\dimen345
\pgf@circ@res@zero=\dimen346
\pgf@circ@res@left=\dimen347
\pgf@circ@res@right=\dimen348
\pgf@circ@res@other=\dimen349
\pgf@circ@res@step=\dimen350
\pgf@circ@res@temp=\dimen351
\pgf@circ@Rlen=\dimen352
\pgf@circ@scaled@Rlen=\dimen353
\pgfstartlinewidth=\dimen354
)
(/opt/homebrew/Cellar/texlive/20250308_1/share/texmf-dist/tex/generic/circuitik
z/pgfcircutils.tex
\ctikz@scratchbox=\box87
)
(/opt/homebrew/Cellar/texlive/20250308_1/share/texmf-dist/tex/generic/circuitik
z/pgfcircpath.tex)
(/opt/homebrew/Cellar/texlive/20250308_1/share/texmf-dist/tex/generic/circuitik
z/pgfcircshapes.tex)
(/opt/homebrew/Cellar/texlive/20250308_1/share/texmf-dist/tex/generic/circuitik
z/pgfcircmonopoles.tex)
(/opt/homebrew/Cellar/texlive/20250308_1/share/texmf-dist/tex/generic/circuitik
z/pgfcircbipoles.tex)
(/opt/homebrew/Cellar/texlive/20250308_1/share/texmf-dist/tex/generic/circuitik
z/pgfcirctripoles.tex
\pgf@circ@res@count=\count356
)
(/opt/homebrew/Cellar/texlive/20250308_1/share/texmf-dist/tex/generic/circuitik
z/pgfcircquadpoles.tex)
(/opt/homebrew/Cellar/texlive/20250308_1/share/texmf-dist/tex/generic/circuitik
z/pgfcircmultipoles.tex)
(/opt/homebrew/Cellar/texlive/20250308_1/share/texmf-dist/tex/generic/circuitik
z/pgfcirclabel.tex)
(/opt/homebrew/Cellar/texlive/20250308_1/share/texmf-dist/tex/generic/circuitik
z/pgfcircvoltage.tex
\pgfcirc@labelshift=\dimen355
)
(/opt/homebrew/Cellar/texlive/20250308_1/share/texmf-dist/tex/generic/circuitik
z/pgfcirccurrent.tex)
(/opt/homebrew/Cellar/texlive/20250308_1/share/texmf-dist/tex/generic/circuitik
z/pgfcircflow.tex))
(/opt/homebrew/Cellar/texlive/20250308_1/share/texmf-dist/tex/latex/tools/verba
tim.sty
Package: verbatim 2024-01-22 v1.5x LaTeX2e package for verbatim enhancements
\every@verbatim=\toks50
\verbatim@line=\toks51
\verbatim@in@stream=\read3
)
(/opt/homebrew/Cellar/texlive/20250308_1/share/texmf-dist/tex/latex/hyperref/hy
perref.sty
Package: hyperref 2024-11-05 v7.01l Hypertext links for LaTeX

(/opt/homebrew/Cellar/texlive/20250308_1/share/texmf-dist/tex/latex/kvsetkeys/k
vsetkeys.sty
Package: kvsetkeys 2022-10-05 v1.19 Key value parser (HO)
)
(/opt/homebrew/Cellar/texlive/20250308_1/share/texmf-dist/tex/generic/kvdefinek
eys/kvdefinekeys.sty
Package: kvdefinekeys 2019-12-19 v1.6 Define keys (HO)
)
(/opt/homebrew/Cellar/texlive/20250308_1/share/texmf-dist/tex/generic/pdfescape
/pdfescape.sty
Package: pdfescape 2019/12/09 v1.15 Implements pdfTeX's escape features (HO)
)
(/opt/homebrew/Cellar/texlive/20250308_1/share/texmf-dist/tex/latex/hycolor/hyc
olor.sty
Package: hycolor 2020-01-27 v1.10 Color options for hyperref/bookmark (HO)
)
(/opt/homebrew/Cellar/texlive/20250308_1/share/texmf-dist/tex/latex/hyperref/na
meref.sty
Package: nameref 2023-11-26 v2.56 Cross-referencing by name of section

(/opt/homebrew/Cellar/texlive/20250308_1/share/texmf-dist/tex/latex/refcount/re
fcount.sty
Package: refcount 2019/12/15 v3.6 Data extraction from label references (HO)
)
(/opt/homebrew/Cellar/texlive/20250308_1/share/texmf-dist/tex/generic/gettitles
tring/gettitlestring.sty
Package: gettitlestring 2019/12/15 v1.6 Cleanup title references (HO)

(/opt/homebrew/Cellar/texlive/20250308_1/share/texmf-dist/tex/latex/kvoptions/k
voptions.sty
Package: kvoptions 2022-06-15 v3.15 Key value format for package options (HO)
))
\c@section@level=\count357
)
(/opt/homebrew/Cellar/texlive/20250308_1/share/texmf-dist/tex/generic/stringenc
/stringenc.sty
Package: stringenc 2019/11/29 v1.12 Convert strings between diff. encodings (HO
)
)
\@linkdim=\dimen356
\Hy@linkcounter=\count358
\Hy@pagecounter=\count359

(/opt/homebrew/Cellar/texlive/20250308_1/share/texmf-dist/tex/latex/hyperref/pd
1enc.def
File: pd1enc.def 2024-11-05 v7.01l Hyperref: PDFDocEncoding definition (HO)
Now handling font encoding PD1 ...
... no UTF-8 mapping file for font encoding PD1
)
(/opt/homebrew/Cellar/texlive/20250308_1/share/texmf-dist/tex/generic/intcalc/i
ntcalc.sty
Package: intcalc 2019/12/15 v1.3 Expandable calculations with integers (HO)
)
\Hy@SavedSpaceFactor=\count360

(/opt/homebrew/Cellar/texlive/20250308_1/share/texmf-dist/tex/latex/hyperref/pu
enc.def
File: puenc.def 2024-11-05 v7.01l Hyperref: PDF Unicode definition (HO)
Now handling font encoding PU ...
... no UTF-8 mapping file for font encoding PU
)
Package hyperref Info: Option `breaklinks' set `true' on input line 4040.
Package hyperref Info: Hyper figures OFF on input line 4157.
Package hyperref Info: Link nesting OFF on input line 4162.
Package hyperref Info: Hyper index ON on input line 4165.
Package hyperref Info: Plain pages OFF on input line 4172.
Package hyperref Info: Backreferencing OFF on input line 4177.
Package hyperref Info: Implicit mode ON; LaTeX internals redefined.
Package hyperref Info: Bookmarks ON on input line 4424.
\c@Hy@tempcnt=\count361

(/opt/homebrew/Cellar/texlive/20250308_1/share/texmf-dist/tex/latex/url/url.sty
\Urlmuskip=\muskip18
Package: url 2013/09/16  ver 3.4  Verb mode for urls, etc.
)
LaTeX Info: Redefining \url on input line 4763.
\XeTeXLinkMargin=\dimen357

(/opt/homebrew/Cellar/texlive/20250308_1/share/texmf-dist/tex/generic/bitset/bi
tset.sty
Package: bitset 2019/12/09 v1.3 Handle bit-vector datatype (HO)

(/opt/homebrew/Cellar/texlive/20250308_1/share/texmf-dist/tex/generic/bigintcal
c/bigintcalc.sty
Package: bigintcalc 2019/12/15 v1.5 Expandable calculations on big integers (HO
)
))
\Fld@menulength=\count362
\Field@Width=\dimen358
\Fld@charsize=\dimen359
Package hyperref Info: Hyper figures OFF on input line 6042.
Package hyperref Info: Link nesting OFF on input line 6047.
Package hyperref Info: Hyper index ON on input line 6050.
Package hyperref Info: backreferencing OFF on input line 6057.
Package hyperref Info: Link coloring OFF on input line 6062.
Package hyperref Info: Link coloring with OCG OFF on input line 6067.
Package hyperref Info: PDF/A mode OFF on input line 6072.

(/opt/homebrew/Cellar/texlive/20250308_1/share/texmf-dist/tex/latex/base/atbegs
hi-ltx.sty
Package: atbegshi-ltx 2021/01/10 v1.0c Emulation of the original atbegshi
package with kernel methods
)
\Hy@abspage=\count363
\c@Item=\count364
\c@Hfootnote=\count365
)
Package hyperref Info: Driver (autodetected): hpdftex.

(/opt/homebrew/Cellar/texlive/20250308_1/share/texmf-dist/tex/latex/hyperref/hp
dftex.def
File: hpdftex.def 2024-11-05 v7.01l Hyperref driver for pdfTeX

(/opt/homebrew/Cellar/texlive/20250308_1/share/texmf-dist/tex/latex/base/atvery
end-ltx.sty
Package: atveryend-ltx 2020/08/19 v1.0a Emulation of the original atveryend pac
kage
with kernel methods
)
\Fld@listcount=\count366
\c@bookmark@seq@number=\count367

(/opt/homebrew/Cellar/texlive/20250308_1/share/texmf-dist/tex/latex/rerunfilech
eck/rerunfilecheck.sty
Package: rerunfilecheck 2022-07-10 v1.10 Rerun checks for auxiliary files (HO)

(/opt/homebrew/Cellar/texlive/20250308_1/share/texmf-dist/tex/generic/uniquecou
nter/uniquecounter.sty
Package: uniquecounter 2019/12/15 v1.4 Provide unlimited unique counter (HO)
)
Package uniquecounter Info: New unique counter `rerunfilecheck' on input line 2
85.
)
\Hy@SectionHShift=\skip80
)
(/opt/homebrew/Cellar/texlive/20250308_1/share/texmf-dist/tex/latex/tkz-euclide
/tkz-euclide.sty
2024/04/19 5.10c tkz-euclide.sty
Package: tkz-euclide  2024/04/19 5.10c for pure Euclidean Geometry 

(/opt/homebrew/Cellar/texlive/20250308_1/share/texmf-dist/tex/generic/pgf/front
endlayer/tikz/libraries/tikzlibraryangles.code.tex
File: tikzlibraryangles.code.tex 2023-01-15 v3.1.10 (3.1.10)
)
(/opt/homebrew/Cellar/texlive/20250308_1/share/texmf-dist/tex/generic/pgf/front
endlayer/tikz/libraries/tikzlibraryarrows.code.tex
File: tikzlibraryarrows.code.tex 2023-01-15 v3.1.10 (3.1.10)

(/opt/homebrew/Cellar/texlive/20250308_1/share/texmf-dist/tex/generic/pgf/libra
ries/pgflibraryarrows.code.tex
File: pgflibraryarrows.code.tex 2023-01-15 v3.1.10 (3.1.10)
\arrowsize=\dimen360
))
(/opt/homebrew/Cellar/texlive/20250308_1/share/texmf-dist/tex/generic/pgf/front
endlayer/tikz/libraries/tikzlibrarybackgrounds.code.tex
File: tikzlibrarybackgrounds.code.tex 2023-01-15 v3.1.10 (3.1.10)
\pgf@layerbox@background=\box88
\pgf@layerboxsaved@background=\box89
)
(/opt/homebrew/Cellar/texlive/20250308_1/share/texmf-dist/tex/generic/pgf/front
endlayer/tikz/libraries/tikzlibrarydecorations.code.tex
(/opt/homebrew/Cellar/texlive/20250308_1/share/texmf-dist/tex/generic/pgf/modul
es/pgfmoduledecorations.code.tex
\pgfdecoratedcompleteddistance=\dimen361
\pgfdecoratedremainingdistance=\dimen362
\pgfdecoratedinputsegmentcompleteddistance=\dimen363
\pgfdecoratedinputsegmentremainingdistance=\dimen364
\pgf@decorate@distancetomove=\dimen365
\pgf@decorate@repeatstate=\count368
\pgfdecorationsegmentamplitude=\dimen366
\pgfdecorationsegmentlength=\dimen367
)
\tikz@lib@dec@box=\box90
)
(/opt/homebrew/Cellar/texlive/20250308_1/share/texmf-dist/tex/generic/pgf/front
endlayer/tikz/libraries/tikzlibrarydecorations.markings.code.tex
(/opt/homebrew/Cellar/texlive/20250308_1/share/texmf-dist/tex/generic/pgf/libra
ries/decorations/pgflibrarydecorations.markings.code.tex))
(/opt/homebrew/Cellar/texlive/20250308_1/share/texmf-dist/tex/generic/pgf/front
endlayer/tikz/libraries/tikzlibrarydecorations.pathreplacing.code.tex
(/opt/homebrew/Cellar/texlive/20250308_1/share/texmf-dist/tex/generic/pgf/libra
ries/decorations/pgflibrarydecorations.pathreplacing.code.tex))
(/opt/homebrew/Cellar/texlive/20250308_1/share/texmf-dist/tex/generic/pgf/front
endlayer/tikz/libraries/tikzlibrarydecorations.shapes.code.tex
(/opt/homebrew/Cellar/texlive/20250308_1/share/texmf-dist/tex/generic/pgf/libra
ries/decorations/pgflibrarydecorations.shapes.code.tex))
(/opt/homebrew/Cellar/texlive/20250308_1/share/texmf-dist/tex/generic/pgf/front
endlayer/tikz/libraries/tikzlibrarydecorations.text.code.tex
(/opt/homebrew/Cellar/texlive/20250308_1/share/texmf-dist/tex/generic/pgf/libra
ries/decorations/pgflibrarydecorations.text.code.tex
\pgf@lib@dec@text@box=\box91
)
\tikz@lib@dec@te@box=\box92
)
(/opt/homebrew/Cellar/texlive/20250308_1/share/texmf-dist/tex/generic/pgf/front
endlayer/tikz/libraries/tikzlibrarydecorations.pathmorphing.code.tex
(/opt/homebrew/Cellar/texlive/20250308_1/share/texmf-dist/tex/generic/pgf/libra
ries/decorations/pgflibrarydecorations.pathmorphing.code.tex))
(/opt/homebrew/Cellar/texlive/20250308_1/share/texmf-dist/tex/generic/pgf/front
endlayer/tikz/libraries/tikzlibraryintersections.code.tex
(/opt/homebrew/Cellar/texlive/20250308_1/share/texmf-dist/tex/generic/pgf/libra
ries/pgflibraryintersections.code.tex
\pgf@intersect@solutions=\count369
))
(/opt/homebrew/Cellar/texlive/20250308_1/share/texmf-dist/tex/generic/pgf/front
endlayer/tikz/libraries/tikzlibrarymath.code.tex
\tikz@math@for@depth=\count370
\tikz@math@dimen=\dimen368
\tikz@math@toks=\toks52
)
(/opt/homebrew/Cellar/texlive/20250308_1/share/texmf-dist/tex/generic/pgf/front
endlayer/tikz/libraries/tikzlibraryplotmarks.code.tex
File: tikzlibraryplotmarks.code.tex 2023-01-15 v3.1.10 (3.1.10)

(/opt/homebrew/Cellar/texlive/20250308_1/share/texmf-dist/tex/generic/pgf/libra
ries/pgflibraryplotmarks.code.tex
File: pgflibraryplotmarks.code.tex 2023-01-15 v3.1.10 (3.1.10)
))
(/opt/homebrew/Cellar/texlive/20250308_1/share/texmf-dist/tex/generic/pgf/front
endlayer/tikz/libraries/tikzlibrarypositioning.code.tex
File: tikzlibrarypositioning.code.tex 2023-01-15 v3.1.10 (3.1.10)
)
(/opt/homebrew/Cellar/texlive/20250308_1/share/texmf-dist/tex/generic/pgf/front
endlayer/tikz/libraries/tikzlibraryquotes.code.tex
File: tikzlibraryquotes.code.tex 2023-01-15 v3.1.10 (3.1.10)
)
(/opt/homebrew/Cellar/texlive/20250308_1/share/texmf-dist/tex/generic/pgf/front
endlayer/tikz/libraries/tikzlibraryshapes.misc.code.tex
File: tikzlibraryshapes.misc.code.tex 2023-01-15 v3.1.10 (3.1.10)

(/opt/homebrew/Cellar/texlive/20250308_1/share/texmf-dist/tex/generic/pgf/libra
ries/shapes/pgflibraryshapes.misc.code.tex
File: pgflibraryshapes.misc.code.tex 2023-01-15 v3.1.10 (3.1.10)
))
(/opt/homebrew/Cellar/texlive/20250308_1/share/texmf-dist/tex/generic/pgf/front
endlayer/tikz/libraries/tikzlibrarythrough.code.tex
File: tikzlibrarythrough.code.tex 2023-01-15 v3.1.10 (3.1.10)
)
(/opt/homebrew/Cellar/texlive/20250308_1/share/texmf-dist/tex/latex/l3packages/
xfp/xfp.sty
(/opt/homebrew/Cellar/texlive/20250308_1/share/texmf-dist/tex/latex/l3kernel/ex
pl3.sty
Package: expl3 2025-01-18 L3 programming layer (loader) 

(/opt/homebrew/Cellar/texlive/20250308_1/share/texmf-dist/tex/latex/l3backend/l
3backend-pdftex.def
File: l3backend-pdftex.def 2024-05-08 L3 backend support: PDF output (pdfTeX)
\l__color_backend_stack_int=\count371
\l__pdf_internal_box=\box93
))
Package: xfp 2024-08-16 L3 Floating point unit
)
(/opt/homebrew/Cellar/texlive/20250308_1/share/texmf-dist/tex/latex/xpatch/xpat
ch.sty
Package: xpatch 2020/03/25 v0.3a Extending etoolbox patching commands

(/opt/homebrew/Cellar/texlive/20250308_1/share/texmf-dist/tex/latex/l3packages/
xparse/xparse.sty
Package: xparse 2024-08-16 L3 Experimental document command parser
))
\tkzRadius=\dimen369
\tkzLength=\dimen370
\tkz@radi=\dimen371
\tkz@ax=\dimen372
\tkz@ay=\dimen373
\tkz@bx=\dimen374
\tkz@by=\dimen375
\tkz@cx=\dimen376
\tkz@cy=\dimen377
\tkz@dx=\dimen378
\tkz@dy=\dimen379
\tkz@cntmk=\count372
Local configuration file tkz-euclide.cfg found and used

(/opt/homebrew/Cellar/texlive/20250308_1/share/texmf-dist/tex/latex/tkz-euclide
/tkz-euclide.cfg
2024/04/19 5.10c tkz-euclide.cfg
)
(/opt/homebrew/Cellar/texlive/20250308_1/share/texmf-dist/tex/latex/tkz-euclide
/tkz-tools-eu-base.tex
2024/04/19 5.10c tkz-tools-eu-base.tex
)
(/opt/homebrew/Cellar/texlive/20250308_1/share/texmf-dist/tex/latex/tkz-euclide
/tkz-tools-eu-utilities.tex
2024/04/19 5.10c tkz-tools-eu-utilities.tex
)
(/opt/homebrew/Cellar/texlive/20250308_1/share/texmf-dist/tex/latex/tkz-euclide
/tkz-tools-eu-BB.tex
2024/04/19 5.10c tkz-obj-eu-BB.tex
)
(/opt/homebrew/Cellar/texlive/20250308_1/share/texmf-dist/tex/latex/tkz-euclide
/tkz-obj-eu-grids.tex
2024/04/19 5.10c tkz-obj-eu-grids.tex
)
(/opt/homebrew/Cellar/texlive/20250308_1/share/texmf-dist/tex/latex/tkz-euclide
/tkz-lib-eu-marks.tex
2024/04/19 5.10c tkz-lib-eu-marks.tex
)
(/opt/homebrew/Cellar/texlive/20250308_1/share/texmf-dist/tex/latex/tkz-euclide
/tkz-tools-eu-text.tex
2024/04/19 5.10c tkz-tools-eu-text.tex
)
(/opt/homebrew/Cellar/texlive/20250308_1/share/texmf-dist/tex/latex/tkz-euclide
/tkz-lib-eu-shape.tex
2024/04/19 5.10c tkz-lib-eu-shape.tex
)
(/opt/homebrew/Cellar/texlive/20250308_1/share/texmf-dist/tex/latex/tkz-euclide
/tkz-obj-eu-axesmin.tex
2024/04/19 5.10c tkz-obj-eu-axesmin
)
(/opt/homebrew/Cellar/texlive/20250308_1/share/texmf-dist/tex/latex/tkz-euclide
/tkz-tools-eu-colors.tex
2024/04/19 5.10c tkz-tools-eu-colors
)
(/opt/homebrew/Cellar/texlive/20250308_1/share/texmf-dist/tex/latex/tkz-euclide
/tkz-obj-eu-points.tex
2024/04/19 5.10c tkz-obj-eu-points.tex
)
(/opt/homebrew/Cellar/texlive/20250308_1/share/texmf-dist/tex/latex/tkz-euclide
/tkz-draw-eu-points.tex
2024/04/19 5.10c tkz-draw-eu-points.tex
)
(/opt/homebrew/Cellar/texlive/20250308_1/share/texmf-dist/tex/latex/tkz-euclide
/tkz-obj-eu-points.tex
2024/04/19 5.10c tkz-obj-eu-points.tex
)
(/opt/homebrew/Cellar/texlive/20250308_1/share/texmf-dist/tex/latex/tkz-euclide
/tkz-obj-eu-points-by.tex
2024/04/19 5.10c tkz-tools-eu-points-by.tex
)
(/opt/homebrew/Cellar/texlive/20250308_1/share/texmf-dist/tex/latex/tkz-euclide
/tkz-tools-eu-math.tex
2024/04/19 5.10c tkz-tools-eu-math.tex
)
(/opt/homebrew/Cellar/texlive/20250308_1/share/texmf-dist/tex/latex/tkz-euclide
/tkz-tools-eu-intersections.tex
2024/04/19 5.10c tkz-tools-eu-intersections.tex
)
(/opt/homebrew/Cellar/texlive/20250308_1/share/texmf-dist/tex/latex/tkz-euclide
/tkz-obj-eu-points-with.tex
2024/04/19 5.10c tkz-obj-eu-points-with.tex
)
(/opt/homebrew/Cellar/texlive/20250308_1/share/texmf-dist/tex/latex/tkz-euclide
/tkz-obj-eu-points-spc.tex
2024/04/19 5.10c tkz-obj-el-points.tex
)
(/opt/homebrew/Cellar/texlive/20250308_1/share/texmf-dist/tex/latex/tkz-euclide
/tkz-tools-eu-angles.tex
2024/04/19 5.10c tkz-tools-eu-angles.tex
)
(/opt/homebrew/Cellar/texlive/20250308_1/share/texmf-dist/tex/latex/tkz-euclide
/tkz-obj-eu-circles.tex
2024/04/19 5.10c tkz-obj-eu-circles.tex
)
(/opt/homebrew/Cellar/texlive/20250308_1/share/texmf-dist/tex/latex/tkz-euclide
/tkz-obj-eu-circles-by.tex
2024/04/19 5.10c tkz-obj-eu-circles.tex
)
(/opt/homebrew/Cellar/texlive/20250308_1/share/texmf-dist/tex/latex/tkz-euclide
/tkz-obj-eu-points-rnd.tex
2024/04/19 5.10c tkz-obj-eu-points-rnd.tex
)
(/opt/homebrew/Cellar/texlive/20250308_1/share/texmf-dist/tex/latex/tkz-euclide
/tkz-obj-eu-lines.tex
2024/04/19 5.10c tkz-obj-eu-lines.tex
)
(/opt/homebrew/Cellar/texlive/20250308_1/share/texmf-dist/tex/latex/tkz-euclide
/tkz-obj-eu-polygons.tex
2024/04/19 5.10c tkz-obj-eu-polygons.tex
)
(/opt/homebrew/Cellar/texlive/20250308_1/share/texmf-dist/tex/latex/tkz-euclide
/tkz-obj-eu-triangles.tex
2024/04/19 5.10c tkz-obj-eu-triangles.tex
)
(/opt/homebrew/Cellar/texlive/20250308_1/share/texmf-dist/tex/latex/tkz-euclide
/tkz-draw-eu-lines.tex
2024/04/19 5.10c tkz-obj-eu-draw-lines.tex
)
(/opt/homebrew/Cellar/texlive/20250308_1/share/texmf-dist/tex/latex/tkz-euclide
/tkz-draw-eu-circles.tex
2024/04/19 5.10c tkz-obj-eu-draw-circles.tex
)
(/opt/homebrew/Cellar/texlive/20250308_1/share/texmf-dist/tex/latex/tkz-euclide
/tkz-draw-eu-ellipses.tex
2024/04/19 5.10c tkz-obj-eu-draw-ellipses.tex
)
(/opt/homebrew/Cellar/texlive/20250308_1/share/texmf-dist/tex/latex/tkz-euclide
/tkz-draw-eu-polygons.tex
2024/04/19 5.10c tkz-obj-eu-polygons.tex
)
(/opt/homebrew/Cellar/texlive/20250308_1/share/texmf-dist/tex/latex/tkz-euclide
/tkz-draw-eu-arcs.tex
2024/04/19 5.10c tkz-tool-eu-arcs.tex
)
(/opt/homebrew/Cellar/texlive/20250308_1/share/texmf-dist/tex/latex/tkz-euclide
/tkz-draw-eu-angles.tex
2024/04/19 5.10c tkz-tool-eu-angles.tex
)
(/opt/homebrew/Cellar/texlive/20250308_1/share/texmf-dist/tex/latex/tkz-euclide
/tkz-draw-eu-sectors.tex
2024/04/19 5.10c tkz-obj-eu-sectors.tex
)
(/opt/homebrew/Cellar/texlive/20250308_1/share/texmf-dist/tex/latex/tkz-euclide
/tkz-draw-eu-compass.tex
2024/04/19 5.10c tkz-obj-eu-compass.tex
)
(/opt/homebrew/Cellar/texlive/20250308_1/share/texmf-dist/tex/latex/tkz-euclide
/tkz-draw-eu-show.tex
2024/04/19 5.10c tkz-obj-eu-show.tex
)
(/opt/homebrew/Cellar/texlive/20250308_1/share/texmf-dist/tex/latex/tkz-euclide
/tkz-draw-eu-protractor.tex
2024/04/19 5.10c tkz-obj-eu-protractor.tex
))
(/opt/homebrew/Cellar/texlive/20250308_1/share/texmf-dist/tex/generic/pgf/front
endlayer/tikz/libraries/tikzlibraryfadings.code.tex
File: tikzlibraryfadings.code.tex 2023-01-15 v3.1.10 (3.1.10)

(/opt/homebrew/Cellar/texlive/20250308_1/share/texmf-dist/tex/generic/pgf/libra
ries/pgflibraryfadings.code.tex
File: pgflibraryfadings.code.tex 2023-01-15 v3.1.10 (3.1.10)
))
(/opt/homebrew/Cellar/texlive/20250308_1/share/texmf-dist/tex/latex/listings/li
stings.sty
\lst@mode=\count373
\lst@gtempboxa=\box94
\lst@token=\toks53
\lst@length=\count374
\lst@currlwidth=\dimen380
\lst@column=\count375
\lst@pos=\count376
\lst@lostspace=\dimen381
\lst@width=\dimen382
\lst@newlines=\count377
\lst@lineno=\count378
\lst@maxwidth=\dimen383

(/opt/homebrew/Cellar/texlive/20250308_1/share/texmf-dist/tex/latex/listings/ls
tpatch.sty
File: lstpatch.sty 2024/09/23 1.10c (Carsten Heinz)
)
(/opt/homebrew/Cellar/texlive/20250308_1/share/texmf-dist/tex/latex/listings/ls
tmisc.sty
File: lstmisc.sty 2024/09/23 1.10c (Carsten Heinz)
\c@lstnumber=\count379
\lst@skipnumbers=\count380
\lst@framebox=\box95
)
(/opt/homebrew/Cellar/texlive/20250308_1/share/texmf-dist/tex/latex/listings/li
stings.cfg
File: listings.cfg 2024/09/23 1.10c listings configuration
))
Package: listings 2024/09/23 1.10c (Carsten Heinz)

(/opt/homebrew/Cellar/texlive/20250308_1/share/texmf-dist/tex/latex/tools/hhlin
e.sty
Package: hhline 2020/01/04 v2.04 Table rule package (DPC)
)
(/opt/homebrew/Cellar/texlive/20250308_1/share/texmf-dist/tex/latex/base/ifthen
.sty
Package: ifthen 2024/03/16 v1.1e Standard LaTeX ifthen package (DPC)
)
(/opt/homebrew/Cellar/texlive/20250308_1/share/texmf-dist/tex/latex/graphics/ls
cape.sty
Package: lscape 2020/05/28 v3.02 Landscape Pages (DPC)
)
(/opt/homebrew/Cellar/texlive/20250308_1/share/texmf-dist/tex/latex/tools/multi
col.sty
Package: multicol 2024/09/14 v1.9i multicolumn formatting (FMi)
\c@tracingmulticols=\count381
\mult@box=\box96
\multicol@leftmargin=\dimen384
\c@unbalance=\count382
\c@collectmore=\count383
\doublecol@number=\count384
\multicoltolerance=\count385
\multicolpretolerance=\count386
\full@width=\dimen385
\page@free=\dimen386
\premulticols=\dimen387
\postmulticols=\dimen388
\multicolsep=\skip81
\multicolbaselineskip=\skip82
\partial@page=\box97
\last@line=\box98
\mc@boxedresult=\box99
\maxbalancingoverflow=\dimen389
\mult@rightbox=\box100
\mult@grightbox=\box101
\mult@firstbox=\box102
\mult@gfirstbox=\box103
\@tempa=\box104
\@tempa=\box105
\@tempa=\box106
\@tempa=\box107
\@tempa=\box108
\@tempa=\box109
\@tempa=\box110
\@tempa=\box111
\@tempa=\box112
\@tempa=\box113
\@tempa=\box114
\@tempa=\box115
\@tempa=\box116
\@tempa=\box117
\@tempa=\box118
\@tempa=\box119
\@tempa=\box120
\@tempa=\box121
\@tempa=\box122
\@tempa=\box123
\@tempa=\box124
\@tempa=\box125
\@tempa=\box126
\@tempa=\box127
\@tempa=\box128
\@tempa=\box129
\@tempa=\box130
\@tempa=\box131
\@tempa=\box132
\@tempa=\box133
\@tempa=\box134
\@tempa=\box135
\@tempa=\box136
\@tempa=\box137
\@tempa=\box138
\@tempa=\box139
\c@minrows=\count387
\c@columnbadness=\count388
\c@finalcolumnbadness=\count389
\last@try=\dimen390
\multicolovershoot=\dimen391
\multicolundershoot=\dimen392
\mult@nat@firstbox=\box140
\colbreak@box=\box141
\mc@col@check@num=\count390
)
(/opt/homebrew/Cellar/texlive/20250308_1/share/texmf-dist/tex/latex/chngcntr/ch
ngcntr.sty
Package: chngcntr 2018/04/09 v1.1a change counter resetting
Package chngcntr Info: \counterwithout already defined.
(chngcntr)             Quitting chngcntr on input line 21.
)
\c@theorem=\count391
\c@problem=\count392
\c@proposition=\count393
\c@lemma=\count394
\c@example=\count395
) (./gvv.sty
\c@rem=\count396
\c@matchleft=\count397
\c@matchright=\count398
)
\@indexfile=\write4
\openout4 = `main.idx'.

Writing index file main.idx
Package translations Info: No language package found. I am going to use `englis
h' as default language. on input line 20.
LaTeX Font Info:    Trying to load font information for OT1+txr on input line 2
0.

(/opt/homebrew/Cellar/texlive/20250308_1/share/texmf-dist/tex/latex/txfonts/ot1
txr.fd
File: ot1txr.fd 2000/12/15 v3.1
) (./main.aux)
\openout1 = `main.aux'.

LaTeX Font Info:    Checking defaults for OML/txmi/m/it on input line 20.
LaTeX Font Info:    Trying to load font information for OML+txmi on input line 
20.

(/opt/homebrew/Cellar/texlive/20250308_1/share/texmf-dist/tex/latex/txfonts/oml
txmi.fd
File: omltxmi.fd 2000/12/15 v3.1
)
LaTeX Font Info:    ... okay on input line 20.
LaTeX Font Info:    Checking defaults for OMS/txsy/m/n on input line 20.
LaTeX Font Info:    Trying to load font information for OMS+txsy on input line 
20.

(/opt/homebrew/Cellar/texlive/20250308_1/share/texmf-dist/tex/latex/txfonts/oms
txsy.fd
File: omstxsy.fd 2000/12/15 v3.1
)
LaTeX Font Info:    ... okay on input line 20.
LaTeX Font Info:    Checking defaults for OT1/cmr/m/n on input line 20.
LaTeX Font Info:    ... okay on input line 20.
LaTeX Font Info:    Checking defaults for T1/cmr/m/n on input line 20.
LaTeX Font Info:    ... okay on input line 20.
LaTeX Font Info:    Checking defaults for TS1/cmr/m/n on input line 20.
LaTeX Font Info:    ... okay on input line 20.
LaTeX Font Info:    Checking defaults for OMX/txex/m/n on input line 20.
LaTeX Font Info:    Trying to load font information for OMX+txex on input line 
20.

(/opt/homebrew/Cellar/texlive/20250308_1/share/texmf-dist/tex/latex/txfonts/omx
txex.fd
File: omxtxex.fd 2000/12/15 v3.1
)
LaTeX Font Info:    ... okay on input line 20.
LaTeX Font Info:    Checking defaults for U/txexa/m/n on input line 20.
LaTeX Font Info:    Trying to load font information for U+txexa on input line 2
0.

(/opt/homebrew/Cellar/texlive/20250308_1/share/texmf-dist/tex/latex/txfonts/utx
exa.fd
File: utxexa.fd 2000/12/15 v3.1
)
LaTeX Font Info:    ... okay on input line 20.
LaTeX Font Info:    Checking defaults for PD1/pdf/m/n on input line 20.
LaTeX Font Info:    ... okay on input line 20.
LaTeX Font Info:    Checking defaults for PU/pdf/m/n on input line 20.
LaTeX Font Info:    ... okay on input line 20.
LaTeX Font Info:    Font shape `OT1/txr/b/n' in size <5> not available
(Font)              Font shape `OT1/txr/bx/n' tried instead on input line 20.
LaTeX Font Info:    Font shape `OT1/txr/b/it' in size <5> not available
(Font)              Font shape `OT1/txr/bx/it' tried instead on input line 20.
LaTeX Font Info:    Font shape `OT1/txr/b/n' in size <7> not available
(Font)              Font shape `OT1/txr/bx/n' tried instead on input line 20.
LaTeX Font Info:    Font shape `OT1/txr/b/it' in size <7> not available
(Font)              Font shape `OT1/txr/bx/it' tried instead on input line 20.
LaTeX Font Info:    Font shape `OT1/txr/b/n' in size <8> not available
(Font)              Font shape `OT1/txr/bx/n' tried instead on input line 20.
LaTeX Font Info:    Font shape `OT1/txr/b/it' in size <8> not available
(Font)              Font shape `OT1/txr/bx/it' tried instead on input line 20.
LaTeX Font Info:    Font shape `OT1/txr/b/n' in size <9> not available
(Font)              Font shape `OT1/txr/bx/n' tried instead on input line 20.
LaTeX Font Info:    Font shape `OT1/txr/b/it' in size <9> not available
(Font)              Font shape `OT1/txr/bx/it' tried instead on input line 20.
LaTeX Font Info:    Font shape `OT1/txr/b/n' in size <10> not available
(Font)              Font shape `OT1/txr/bx/n' tried instead on input line 20.
LaTeX Font Info:    Font shape `OT1/txr/b/it' in size <10> not available
(Font)              Font shape `OT1/txr/bx/it' tried instead on input line 20.
LaTeX Font Info:    Font shape `OT1/txr/b/n' in size <11> not available
(Font)              Font shape `OT1/txr/bx/n' tried instead on input line 20.
LaTeX Font Info:    Font shape `OT1/txr/b/it' in size <11> not available
(Font)              Font shape `OT1/txr/bx/it' tried instead on input line 20.
LaTeX Font Info:    Font shape `OT1/txr/b/n' in size <12> not available
(Font)              Font shape `OT1/txr/bx/n' tried instead on input line 20.
LaTeX Font Info:    Font shape `OT1/txr/b/it' in size <12> not available
(Font)              Font shape `OT1/txr/bx/it' tried instead on input line 20.
LaTeX Font Info:    Font shape `OT1/txr/b/n' in size <17> not available
(Font)              Font shape `OT1/txr/bx/n' tried instead on input line 20.
LaTeX Font Info:    Font shape `OT1/txr/b/it' in size <17> not available
(Font)              Font shape `OT1/txr/bx/it' tried instead on input line 20.
LaTeX Font Info:    Font shape `OT1/txr/b/n' in size <20> not available
(Font)              Font shape `OT1/txr/bx/n' tried instead on input line 20.
LaTeX Font Info:    Font shape `OT1/txr/b/it' in size <20> not available
(Font)              Font shape `OT1/txr/bx/it' tried instead on input line 20.
LaTeX Font Info:    Font shape `OT1/txr/b/n' in size <24> not available
(Font)              Font shape `OT1/txr/bx/n' tried instead on input line 20.
LaTeX Font Info:    Font shape `OT1/txr/b/it' in size <24> not available
(Font)              Font shape `OT1/txr/bx/it' tried instead on input line 20.
-- Lines per column: 45 (approximate, difference = 0.60239pt).
*geometry* driver: auto-detecting
*geometry* detected driver: pdftex
*geometry* verbose mode - [ preamble ] result:
* driver: pdftex
* paper: a5paper
* layout: <same size as paper>
* layoutoffset:(h,v)=(0.0pt,0.0pt)
* modes: 
* h-part:(L,W,R)=(28.45274pt, 364.1953pt, 28.45274pt)
* v-part:(T,H,B)=(28.45274pt, 540.60239pt, 28.45274pt)
* \paperwidth=421.10078pt
* \paperheight=597.50787pt
* \textwidth=364.1953pt
* \textheight=540.60239pt
* \oddsidemargin=-43.81725pt
* \evensidemargin=-43.81725pt
* \topmargin=-77.15924pt
* \headheight=28.45274pt
* \headsep=0.0pt
* \topskip=12.0pt
* \footskip=25.80774pt
* \marginparwidth=20.0pt
* \marginparsep=10.0pt
* \columnsep=12.0pt
* \skip\footins=10.79993pt plus 4.79993pt minus 2.39996pt
* \hoffset=0.0pt
* \voffset=0.0pt
* \mag=1000
* \@twocolumntrue
* \@twosidefalse
* \@mparswitchfalse
* \@reversemarginfalse
* (1in=72.27pt=25.4mm, 1cm=28.453pt)

LaTeX Info: Redefining \celsius on input line 20.
Package gensymb Info: Faking symbols for \degree and \celsius on input line 20.


Package gensymb Warning: Not defining \perthousand.

LaTeX Info: Redefining \ohm on input line 20.
Package gensymb Info: Using \Omega for \ohm on input line 20.

Package gensymb Warning: Not defining \micro.


(/opt/homebrew/Cellar/texlive/20250308_1/share/texmf-dist/tex/latex/translation
s/translations-basic-dictionary-english.trsl
File: translations-basic-dictionary-english.trsl (english translation file `tra
nslations-basic-dictionary')
)
Package translations Info: loading dictionary `translations-basic-dictionary' f
or `english'. on input line 20.

(/opt/homebrew/Cellar/texlive/20250308_1/share/texmf-dist/tex/context/base/mkii
/supp-pdf.mkii
[Loading MPS to PDF converter (version 2006.09.02).]
\scratchcounter=\count399
\scratchdimen=\dimen393
\scratchbox=\box142
\nofMPsegments=\count400
\nofMParguments=\count401
\everyMPshowfont=\toks54
\MPscratchCnt=\count402
\MPscratchDim=\dimen394
\MPnumerator=\count403
\makeMPintoPDFobject=\count404
\everyMPtoPDFconversion=\toks55
)
(/opt/homebrew/Cellar/texlive/20250308_1/share/texmf-dist/tex/latex/epstopdf-pk
g/epstopdf-base.sty
Package: epstopdf-base 2020-01-24 v2.11 Base part for package epstopdf
Package epstopdf-base Info: Redefining graphics rule for `.eps' on input line 4
85.

(/opt/homebrew/Cellar/texlive/20250308_1/share/texmf-dist/tex/latex/latexconfig
/epstopdf-sys.cfg
File: epstopdf-sys.cfg 2010/07/13 v1.3 Configuration of (r)epstopdf for TeX Liv
e
))
Package caption Info: Begin \AtBeginDocument code.
Package caption Info: subfig package v1.3 is loaded.
Package caption Info: hyperref package is loaded.
Package caption Info: listings package is loaded.
Package caption Info: longtable package is loaded.

(/opt/homebrew/Cellar/texlive/20250308_1/share/texmf-dist/tex/latex/caption/ltc
aption.sty
Package: ltcaption 2021/01/08 v1.4c longtable captions (AR)
)
Package caption Info: End \AtBeginDocument code.
Package hyperref Info: Link coloring OFF on input line 20.
(./main.out) (./main.out)
\@outlinefile=\write5
\openout5 = `main.out'.

\c@lstlisting=\count405
<figs/logo.jpg, id=75, 2537.48pt x 2047.65pt>
File: figs/logo.jpg Graphic file (type jpg)
<use figs/logo.jpg>
Package pdftex.def Info: figs/logo.jpg  used on input line 47.
(pdftex.def)             Requested size: 72.83794pt x 58.77106pt.


[1{/opt/homebrew/Cellar/texlive/20250308_1/share/texmf-dist/fonts/map/pdftex/up
dmap/pdftex.map}{/opt/homebrew/Cellar/texlive/20250308_1/share/texmf-dist/fonts
/enc/dvips/base/8r.enc}


 <./figs/logo.jpg>]

[2] (./main.toc
LaTeX Font Info:    Trying to load font information for U+rsfs on input line 2.


(/opt/homebrew/Cellar/texlive/20250308_1/share/texmf-dist/tex/latex/jknapltx/ur
sfs.fd
File: ursfs.fd 1998/03/24 rsfs font definition file (jk)
)
LaTeX Font Info:    Trying to load font information for U+txmia on input line 2
.

(/opt/homebrew/Cellar/texlive/20250308_1/share/texmf-dist/tex/latex/txfonts/utx
mia.fd
File: utxmia.fd 2000/12/15 v3.1
)
LaTeX Font Info:    Trying to load font information for U+txsya on input line 2
.

(/opt/homebrew/Cellar/texlive/20250308_1/share/texmf-dist/tex/latex/txfonts/utx
sya.fd
File: utxsya.fd 2000/12/15 v3.1
)
LaTeX Font Info:    Trying to load font information for U+txsyb on input line 2
.

(/opt/homebrew/Cellar/texlive/20250308_1/share/texmf-dist/tex/latex/txfonts/utx
syb.fd
File: utxsyb.fd 2000/12/15 v3.1
)
LaTeX Font Info:    Trying to load font information for U+txsyc on input line 2
.

(/opt/homebrew/Cellar/texlive/20250308_1/share/texmf-dist/tex/latex/txfonts/utx
syc.fd
File: utxsyc.fd 2000/12/15 v3.1
))
\tf@toc=\write6
\openout6 = `main.toc'.



[3] (./GATE/signal/analog.tex (./figs/q74-75.tex)

[4

]
<figs/2007/EC/Q8.png, id=147, 219.06844pt x 119.69719pt>
File: figs/2007/EC/Q8.png Graphic file (type png)
<use figs/2007/EC/Q8.png>
Package pdftex.def Info: figs/2007/EC/Q8.png  used on input line 142.
(pdftex.def)             Requested size: 273.14647pt x 149.2485pt.


[5 <./figs/2007/EC/Q8.png>]
<figs/2007/EC/Q11.png, id=183, 511.15968pt x 306.39468pt>
File: figs/2007/EC/Q11.png Graphic file (type png)
<use figs/2007/EC/Q11.png>
Package pdftex.def Info: figs/2007/EC/Q11.png  used on input line 159.
(pdftex.def)             Requested size: 273.14647pt x 163.72551pt.
<figs/2007/EC/Q28.png, id=184, 349.305pt x 124.21407pt>
File: figs/2007/EC/Q28.png Graphic file (type png)
<use figs/2007/EC/Q28.png>
Package pdftex.def Info: figs/2007/EC/Q28.png  used on input line 199.
(pdftex.def)             Requested size: 218.5194pt x 77.7075pt.


[6 <./figs/2007/EC/Q11.png>]
<figs/2007/EC/Q30.png, id=208, 228.10219pt x 100.87688pt>
File: figs/2007/EC/Q30.png Graphic file (type png)
<use figs/2007/EC/Q30.png>
Package pdftex.def Info: figs/2007/EC/Q30.png  used on input line 219.
(pdftex.def)             Requested size: 182.09764pt x 80.53381pt.
<figs/2007/EC/Q52.jpg, id=209, 1084.05pt x 333.245pt>
File: figs/2007/EC/Q52.jpg Graphic file (type jpg)
<use figs/2007/EC/Q52.jpg>
Package pdftex.def Info: figs/2007/EC/Q52.jpg  used on input line 272.
(pdftex.def)             Requested size: 145.67589pt x 44.77765pt.


[7 <./figs/2007/EC/Q28.png> <./figs/2007/EC/Q30.png>]

[8 <./figs/2007/EC/Q52.jpg>]
<figs/2007/EC/Q76Q77.jpg, id=275, 1084.05pt x 618.31pt>
File: figs/2007/EC/Q76Q77.jpg Graphic file (type jpg)
<use figs/2007/EC/Q76Q77.jpg>
Package pdftex.def Info: figs/2007/EC/Q76Q77.jpg  used on input line 394.
(pdftex.def)             Requested size: 145.67589pt x 83.08142pt.
LaTeX Font Info:    Calculating math sizes for size <17> on input line 454.
LaTeX Font Info:    Calculating math sizes for size <14> on input line 454.


[9 <./figs/2007/EC/Q76Q77.jpg>]
<figs/2007/EE/Q 10.png, id=307, 633.36626pt x 575.14874pt>
File: figs/2007/EE/Q 10.png Graphic file (type png)
<use figs/2007/EE/Q 10.png>
Package pdftex.def Info: figs/2007/EE/Q 10.png  used on input line 474.
(pdftex.def)             Requested size: 273.14647pt x 248.04633pt.
<figs/2007/EE/Q 17.png, id=308, 462.72874pt x 291.0875pt>
File: figs/2007/EE/Q 17.png Graphic file (type png)
<use figs/2007/EE/Q 17.png>
Package pdftex.def Info: figs/2007/EE/Q 17.png  used on input line 482.
(pdftex.def)             Requested size: 273.14647pt x 171.82896pt.

Underfull \vbox (badness 10000) has occurred while \output is active []



[10 <./figs/2007/EE/Q 10.png (PNG copy)>]

[11 <./figs/2007/EE/Q 17.png (PNG copy)>]
<figs/2007/EE/Q 61.png, id=341, 258.9675pt x 149.55875pt>
File: figs/2007/EE/Q 61.png Graphic file (type png)
<use figs/2007/EE/Q 61.png>
Package pdftex.def Info: figs/2007/EE/Q 61.png  used on input line 539.
(pdftex.def)             Requested size: 109.25969pt x 63.0995pt.
<figs/2007/EE/Q 62 Q.png, id=342, 179.67125pt x 138.5175pt>
File: figs/2007/EE/Q 62 Q.png Graphic file (type png)
<use figs/2007/EE/Q 62 Q.png>
Package pdftex.def Info: figs/2007/EE/Q 62 Q.png  used on input line 556.
(pdftex.def)             Requested size: 109.25969pt x 84.23557pt.
<figs/2007/EE/Q 62.png, id=343, 540.0175pt x 513.92pt>
File: figs/2007/EE/Q 62.png Graphic file (type png)
<use figs/2007/EE/Q 62.png>
Package pdftex.def Info: figs/2007/EE/Q 62.png  used on input line 560.
(pdftex.def)             Requested size: 309.56822pt x 294.61557pt.

Underfull \vbox (badness 10000) has occurred while \output is active []



[12 <./figs/2007/EE/Q 61.png (PNG copy)> <./figs/2007/EE/Q 62 Q.png (PNG copy)>
]
<figs/2007/EE/Q 39 2007.png, id=360, 641.39626pt x 547.04375pt>
File: figs/2007/EE/Q 39 2007.png Graphic file (type png)
<use figs/2007/EE/Q 39 2007.png>
Package pdftex.def Info: figs/2007/EE/Q 39 2007.png  used on input line 575.
(pdftex.def)             Requested size: 273.14647pt x 232.97047pt.

Underfull \vbox (badness 10000) has occurred while \output is active []



[13 <./figs/2007/EE/Q 62.png (PNG copy)>]
<figs/2007/EE/Q 50 2007.png, id=373, 374.39874pt x 170.6375pt>
File: figs/2007/EE/Q 50 2007.png Graphic file (type png)
<use figs/2007/EE/Q 50 2007.png>
Package pdftex.def Info: figs/2007/EE/Q 50 2007.png  used on input line 601.
(pdftex.def)             Requested size: 273.14647pt x 124.49663pt.

Underfull \vbox (badness 10000) has occurred while \output is active []



[14 <./figs/2007/EE/Q 39 2007.png (PNG copy)>]
<figs/2007/EE/Q 65.png, id=390, 610.28pt x 237.88875pt>
File: figs/2007/EE/Q 65.png Graphic file (type png)
<use figs/2007/EE/Q 65.png>
Package pdftex.def Info: figs/2007/EE/Q 65.png  used on input line 624.
(pdftex.def)             Requested size: 182.09764pt x 70.98239pt.
<figs/2007/EE/Q 80,81.png, id=391, 222.8325pt x 116.435pt>
File: figs/2007/EE/Q 80,81.png Graphic file (type png)
<use figs/2007/EE/Q 80,81.png>
Package pdftex.def Info: figs/2007/EE/Q 80,81.png  used on input line 638.
(pdftex.def)             Requested size: 109.25969pt x 57.09094pt.

Underfull \vbox (badness 1028) has occurred while \output is active []



[15 <./figs/2007/EE/Q 50 2007.png (PNG copy)> <./figs/2007/EE/Q 65.png (PNG cop
y)>]
<figs/2007/in/10.jpg, id=413, 489.32813pt x 279.29344pt>
File: figs/2007/in/10.jpg Graphic file (type jpg)
<use figs/2007/in/10.jpg>
Package pdftex.def Info: figs/2007/in/10.jpg  used on input line 683.
(pdftex.def)             Requested size: 218.5194pt x 124.72627pt.


[16 <./figs/2007/EE/Q 80,81.png (PNG copy)> <./figs/2007/in/10.jpg>]
<figs/2007/in/11.jpg, id=441, 576.65437pt x 140.02313pt>
File: figs/2007/in/11.jpg Graphic file (type jpg)
<use figs/2007/in/11.jpg>
Package pdftex.def Info: figs/2007/in/11.jpg  used on input line 700.
(pdftex.def)             Requested size: 218.5194pt x 53.0619pt.
<figs/2007/in/20.jpg, id=442, 493.0922pt x 170.88844pt>
File: figs/2007/in/20.jpg Graphic file (type jpg)
<use figs/2007/in/20.jpg>
Package pdftex.def Info: figs/2007/in/20.jpg  used on input line 743.
(pdftex.def)             Requested size: 218.5194pt x 75.7309pt.

Underfull \vbox (badness 2478) has occurred while \output is active []



[17 <./figs/2007/in/11.jpg>]
<figs/2007/in/21.jpg, id=469, 333.49594pt x 213.04594pt>
File: figs/2007/in/21.jpg Graphic file (type jpg)
<use figs/2007/in/21.jpg>
Package pdftex.def Info: figs/2007/in/21.jpg  used on input line 759.
(pdftex.def)             Requested size: 218.5194pt x 139.59975pt.
<figs/2007/in/33.jpg, id=470, 415.5525pt x 247.67531pt>
File: figs/2007/in/33.jpg Graphic file (type jpg)
<use figs/2007/in/33.jpg>
Package pdftex.def Info: figs/2007/in/33.jpg  used on input line 775.
(pdftex.def)             Requested size: 218.5194pt x 130.23933pt.

Underfull \vbox (badness 10000) has occurred while \output is active []



[18 <./figs/2007/in/20.jpg> <./figs/2007/in/21.jpg>]
<figs/2007/in/34.jpg, id=487, 293.59688pt x 208.52907pt>
File: figs/2007/in/34.jpg Graphic file (type jpg)
<use figs/2007/in/34.jpg>
Package pdftex.def Info: figs/2007/in/34.jpg  used on input line 785.
(pdftex.def)             Requested size: 60.4116pt x 42.90782pt.

Package caption Warning: The option `hypcap=true' will be ignored for this
(caption)                particular \caption on input line 786.
See the caption package documentation for explanation.

<figs/2007/in/35.jpg, id=488, 304.88907pt x 202.50656pt>
File: figs/2007/in/35.jpg Graphic file (type jpg)
<use figs/2007/in/35.jpg>
Package pdftex.def Info: figs/2007/in/35.jpg  used on input line 792.
(pdftex.def)             Requested size: 60.4116pt x 40.1236pt.

Package caption Warning: The option `hypcap=true' will be ignored for this
(caption)                particular \caption on input line 793.
See the caption package documentation for explanation.

<figs/2007/in/36.jpg, id=489, 296.60812pt x 206.27063pt>
File: figs/2007/in/36.jpg Graphic file (type jpg)
<use figs/2007/in/36.jpg>
Package pdftex.def Info: figs/2007/in/36.jpg  used on input line 799.
(pdftex.def)             Requested size: 60.4116pt x 42.01192pt.

Package caption Warning: The option `hypcap=true' will be ignored for this
(caption)                particular \caption on input line 800.
See the caption package documentation for explanation.

<figs/2007/in/37.jpg, id=490, 297.36093pt x 211.54031pt>
File: figs/2007/in/37.jpg Graphic file (type jpg)
<use figs/2007/in/37.jpg>
Package pdftex.def Info: figs/2007/in/37.jpg  used on input line 806.
(pdftex.def)             Requested size: 60.4116pt x 42.97546pt.

Package caption Warning: The option `hypcap=true' will be ignored for this
(caption)                particular \caption on input line 807.
See the caption package documentation for explanation.

<figs/2007/in/41.jpg, id=491, 223.58531pt x 155.83218pt>
File: figs/2007/in/41.jpg Graphic file (type jpg)
<use figs/2007/in/41.jpg>
Package pdftex.def Info: figs/2007/in/41.jpg  used on input line 816.
(pdftex.def)             Requested size: 218.5194pt x 152.30551pt.


[19 <./figs/2007/in/33.jpg> <./figs/2007/in/34.jpg> <./figs/2007/in/35.jpg> <./
figs/2007/in/36.jpg> <./figs/2007/in/37.jpg> <./figs/2007/in/41.jpg>]
<figs/2007/in/42.jpg, id=509, 252.19218pt x 101.62968pt>
File: figs/2007/in/42.jpg Graphic file (type jpg)
<use figs/2007/in/42.jpg>
Package pdftex.def Info: figs/2007/in/42.jpg  used on input line 833.
(pdftex.def)             Requested size: 218.5194pt x 88.06042pt.
<figs/2007/in/43.jpg, id=510, 249.93375pt x 121.20282pt>
File: figs/2007/in/43.jpg Graphic file (type jpg)
<use figs/2007/in/43.jpg>
Package pdftex.def Info: figs/2007/in/43.jpg  used on input line 839.
(pdftex.def)             Requested size: 218.5194pt x 105.97267pt.
<figs/2007/in/44.jpg, id=511, 272.51813pt x 183.68625pt>
File: figs/2007/in/44.jpg Graphic file (type jpg)
<use figs/2007/in/44.jpg>
Package pdftex.def Info: figs/2007/in/44.jpg  used on input line 849.
(pdftex.def)             Requested size: 62.2866pt x 41.98347pt.

Package caption Warning: The option `hypcap=true' will be ignored for this
(caption)                particular \caption on input line 850.
See the caption package documentation for explanation.

<figs/2007/in/45.jpg, id=512, 338.76563pt x 167.87718pt>
File: figs/2007/in/45.jpg Graphic file (type jpg)
<use figs/2007/in/45.jpg>
Package pdftex.def Info: figs/2007/in/45.jpg  used on input line 856.
(pdftex.def)             Requested size: 62.2866pt x 30.86467pt.

Package caption Warning: The option `hypcap=true' will be ignored for this
(caption)                particular \caption on input line 857.
See the caption package documentation for explanation.

<figs/2007/in/46.jpg, id=513, 265.74281pt x 159.59625pt>
File: figs/2007/in/46.jpg Graphic file (type jpg)
<use figs/2007/in/46.jpg>
Package pdftex.def Info: figs/2007/in/46.jpg  used on input line 863.
(pdftex.def)             Requested size: 62.2866pt x 37.4077pt.

Package caption Warning: The option `hypcap=true' will be ignored for this
(caption)                particular \caption on input line 864.
See the caption package documentation for explanation.

<figs/2007/in/47.jpg, id=514, 266.49562pt x 158.84344pt>
File: figs/2007/in/47.jpg Graphic file (type jpg)
<use figs/2007/in/47.jpg>
Package pdftex.def Info: figs/2007/in/47.jpg  used on input line 870.
(pdftex.def)             Requested size: 62.2866pt x 37.1246pt.

Package caption Warning: The option `hypcap=true' will be ignored for this
(caption)                particular \caption on input line 871.
See the caption package documentation for explanation.



[20 <./figs/2007/in/42.jpg> <./figs/2007/in/43.jpg> <./figs/2007/in/44.jpg> <./
figs/2007/in/45.jpg> <./figs/2007/in/46.jpg> <./figs/2007/in/47.jpg>]
<figs/2007/in/52.jpg, id=535, 417.81094pt x 142.28156pt>
File: figs/2007/in/52.jpg Graphic file (type jpg)
<use figs/2007/in/52.jpg>
Package pdftex.def Info: figs/2007/in/52.jpg  used on input line 890.
(pdftex.def)             Requested size: 218.5194pt x 74.41669pt.
<figs/2007/in/53.jpg, id=536, 211.54031pt x 185.19188pt>
File: figs/2007/in/53.jpg Graphic file (type jpg)
<use figs/2007/in/53.jpg>
Package pdftex.def Info: figs/2007/in/53.jpg  used on input line 910.
(pdftex.def)             Requested size: 218.5194pt x 191.30925pt.


[21 <./figs/2007/in/52.jpg> <./figs/2007/in/53.jpg>]
<figs/2007/in/54.jpg, id=553, 167.12437pt x 160.34906pt>
File: figs/2007/in/54.jpg Graphic file (type jpg)
<use figs/2007/in/54.jpg>
Package pdftex.def Info: figs/2007/in/54.jpg  used on input line 918.
(pdftex.def)             Requested size: 60.4116pt x 57.96294pt.

Package caption Warning: The option `hypcap=true' will be ignored for this
(caption)                particular \caption on input line 919.
See the caption package documentation for explanation.

<figs/2007/in/55.jpg, id=554, 162.6075pt x 154.32657pt>
File: figs/2007/in/55.jpg Graphic file (type jpg)
<use figs/2007/in/55.jpg>
Package pdftex.def Info: figs/2007/in/55.jpg  used on input line 925.
(pdftex.def)             Requested size: 60.4116pt x 57.3354pt.

Package caption Warning: The option `hypcap=true' will be ignored for this
(caption)                particular \caption on input line 926.
See the caption package documentation for explanation.

<figs/2007/in/56.jpg, id=555, 160.34906pt x 152.82094pt>
File: figs/2007/in/56.jpg Graphic file (type jpg)
<use figs/2007/in/56.jpg>
Package pdftex.def Info: figs/2007/in/56.jpg  used on input line 932.
(pdftex.def)             Requested size: 60.4116pt x 57.57353pt.

Package caption Warning: The option `hypcap=true' will be ignored for this
(caption)                particular \caption on input line 933.
See the caption package documentation for explanation.

<figs/2007/in/57.jpg, id=556, 167.87718pt x 154.32657pt>
File: figs/2007/in/57.jpg Graphic file (type jpg)
<use figs/2007/in/57.jpg>
Package pdftex.def Info: figs/2007/in/57.jpg  used on input line 939.
(pdftex.def)             Requested size: 60.4116pt x 55.53397pt.

Package caption Warning: The option `hypcap=true' will be ignored for this
(caption)                particular \caption on input line 940.
See the caption package documentation for explanation.

<figs/2007/in/58.jpg, id=557, 682.80093pt x 124.96687pt>
File: figs/2007/in/58.jpg Graphic file (type jpg)
<use figs/2007/in/58.jpg>
Package pdftex.def Info: figs/2007/in/58.jpg  used on input line 948.
(pdftex.def)             Requested size: 218.5194pt x 39.99211pt.
<figs/2007/in/61.jpg, id=558, 569.12625pt x 109.91063pt>
File: figs/2007/in/61.jpg Graphic file (type jpg)
<use figs/2007/in/61.jpg>
Package pdftex.def Info: figs/2007/in/61.jpg  used on input line 966.
(pdftex.def)             Requested size: 218.5194pt x 42.20082pt.


[22 <./figs/2007/in/54.jpg> <./figs/2007/in/55.jpg> <./figs/2007/in/56.jpg> <./
figs/2007/in/57.jpg> <./figs/2007/in/58.jpg> <./figs/2007/in/61.jpg>]
<figs/2007/ME/Fig 8.png, id=585, 651.18282pt x 198.7425pt>
File: figs/2007/ME/Fig 8.png Graphic file (type png)
<use figs/2007/ME/Fig 8.png>
Package pdftex.def Info: figs/2007/ME/Fig 8.png  used on input line 1044.
(pdftex.def)             Requested size: 291.35735pt x 88.92381pt.


[23 <./figs/2007/ME/Fig 8.png>]
<figs/2007/XE/C/fig1.png, id=623, 184.18813pt x 171.64125pt>
File: figs/2007/XE/C/fig1.png Graphic file (type png)
<use figs/2007/XE/C/fig1.png>
Package pdftex.def Info: figs/2007/XE/C/fig1.png  used on input line 1085.
(pdftex.def)             Requested size: 218.5194pt x 203.63226pt.
<figs/2007/XE/C/fig9.png, id=624, 287.57437pt x 108.90688pt>
File: figs/2007/XE/C/fig9.png Graphic file (type png)
<use figs/2007/XE/C/fig9.png>
Package pdftex.def Info: figs/2007/XE/C/fig9.png  used on input line 1101.
(pdftex.def)             Requested size: 218.5194pt x 82.75676pt.


[24 <./figs/2007/XE/C/fig1.png> <./figs/2007/XE/C/fig9.png>]
<figs/2007/XE/C/fig13.png, id=649, 315.1775pt x 152.57pt>
File: figs/2007/XE/C/fig13.png Graphic file (type png)
<use figs/2007/XE/C/fig13.png>
Package pdftex.def Info: figs/2007/XE/C/fig13.png  used on input line 1122.
(pdftex.def)             Requested size: 218.5194pt x 105.78091pt.


[25 <./figs/2007/XE/C/fig13.png>]

[26]
<figs/2008/EC/q8.png, id=722, 630.355pt x 304.13625pt>
File: figs/2008/EC/q8.png Graphic file (type png)
<use figs/2008/EC/q8.png>
Package pdftex.def Info: figs/2008/EC/q8.png  used on input line 1307.
(pdftex.def)             Requested size: 182.09764pt x 87.85847pt.


[27 <./figs/2008/EC/q8.png>]
<figs/2008/EC/q11.png, id=756, 622.325pt x 413.545pt>
File: figs/2008/EC/q11.png Graphic file (type png)
<use figs/2008/EC/q11.png>
Package pdftex.def Info: figs/2008/EC/q11.png  used on input line 1345.
(pdftex.def)             Requested size: 273.14647pt x 181.51233pt.
<figs/2008/EC/q12.png, id=757, 1165.35374pt x 932.48375pt>
File: figs/2008/EC/q12.png Graphic file (type png)
<use figs/2008/EC/q12.png>
Package pdftex.def Info: figs/2008/EC/q12.png  used on input line 1361.
(pdftex.def)             Requested size: 182.09764pt x 145.70023pt.

Underfull \vbox (badness 10000) has occurred while \output is active []



[28 <./figs/2008/EC/q11.png>]
<figs/2008/EC/q23.png, id=779, 629.35126pt x 316.18124pt>
File: figs/2008/EC/q23.png Graphic file (type png)
<use figs/2008/EC/q23.png>
Package pdftex.def Info: figs/2008/EC/q23.png  used on input line 1380.
(pdftex.def)             Requested size: 273.14647pt x 137.22412pt.
[29 <./figs/2008/EC/q12.png> <./figs/2008/EC/q23.png>]
<figs/2008/EC/q38.png, id=795, 1198.4775pt x 798.985pt>
File: figs/2008/EC/q38.png Graphic file (type png)
<use figs/2008/EC/q38.png>
Package pdftex.def Info: figs/2008/EC/q38.png  used on input line 1456.
(pdftex.def)             Requested size: 327.77354pt x 218.5085pt.

Underfull \vbox (badness 2689) has occurred while \output is active []



[30]
<figs/2008/EC/q39.png, id=819, 542.025pt x 164.615pt>
File: figs/2008/EC/q39.png Graphic file (type png)
<use figs/2008/EC/q39.png>
Package pdftex.def Info: figs/2008/EC/q39.png  used on input line 1474.
(pdftex.def)             Requested size: 182.09764pt x 55.30272pt.


[31 <./figs/2008/EC/q38.png> <./figs/2008/EC/q39.png>]
<figs/2008/EC/q40.png, id=838, 821.0675pt x 397.485pt>
File: figs/2008/EC/q40.png Graphic file (type png)
<use figs/2008/EC/q40.png>
Package pdftex.def Info: figs/2008/EC/q40.png  used on input line 1490.
(pdftex.def)             Requested size: 182.09764pt x 88.15051pt.
<figs/2008/EC/q43a.png, id=839, 589.20125pt x 255.95625pt>
File: figs/2008/EC/q43a.png Graphic file (type png)
<use figs/2008/EC/q43a.png>
Package pdftex.def Info: figs/2008/EC/q43a.png  used on input line 1619.
(pdftex.def)             Requested size: 291.35735pt x 126.5718pt.

Underfull \vbox (badness 2065) has occurred while \output is active []



[32 <./figs/2008/EC/q40.png>]
<figs/2008/EC/q43b.png, id=862, 412.54124pt x 429.605pt>
File: figs/2008/EC/q43b.png Graphic file (type png)
<use figs/2008/EC/q43b.png>
Package pdftex.def Info: figs/2008/EC/q43b.png  used on input line 1626.
(pdftex.def)             Requested size: 145.67589pt x 151.70126pt.
<figs/2008/EC/q47.png, id=863, 930.47626pt x 451.6875pt>
File: figs/2008/EC/q47.png Graphic file (type png)
<use figs/2008/EC/q47.png>
Package pdftex.def Info: figs/2008/EC/q47.png  used on input line 1649.
(pdftex.def)             Requested size: 182.09764pt x 88.39229pt.

Underfull \vbox (badness 10000) has occurred while \output is active []



[33 <./figs/2008/EC/q43a.png> <./figs/2008/EC/q43b.png>]
<figs/2008/EC/q7475.png, id=878, 676.5275pt x 224.84pt>
File: figs/2008/EC/q7475.png Graphic file (type png)
<use figs/2008/EC/q7475.png>
Package pdftex.def Info: figs/2008/EC/q7475.png  used on input line 1691.
(pdftex.def)             Requested size: 218.5194pt x 72.6227pt.


[34 <./figs/2008/EC/q47.png> <./figs/2008/EC/q7475.png>]
<figs/2008/EE/q8.png, id=908, 414.54875pt x 81.30376pt>
File: figs/2008/EE/q8.png Graphic file (type png)
<use figs/2008/EE/q8.png>
Package pdftex.def Info: figs/2008/EE/q8.png  used on input line 1762.
(pdftex.def)             Requested size: 254.9356pt x 49.9984pt.
<figs/2008/EE/q8A.png, id=909, 161.10187pt x 92.345pt>
File: figs/2008/EE/q8A.png Graphic file (type png)
<use figs/2008/EE/q8A.png>
Package pdftex.def Info: figs/2008/EE/q8A.png  used on input line 1772.
(pdftex.def)             Requested size: 182.09764pt x 104.38383pt.


[35 <./figs/2008/EE/q8.png> <./figs/2008/EE/q8A.png>]
<figs/2008/EE/q8B.png, id=940, 163.10938pt x 130.98938pt>
File: figs/2008/EE/q8B.png Graphic file (type png)
<use figs/2008/EE/q8B.png>
Package pdftex.def Info: figs/2008/EE/q8B.png  used on input line 1779.
(pdftex.def)             Requested size: 182.09764pt x 146.25137pt.
<figs/2008/EE/q8C.png, id=941, 143.03438pt x 115.93312pt>
File: figs/2008/EE/q8C.png Graphic file (type png)
<use figs/2008/EE/q8C.png>
Package pdftex.def Info: figs/2008/EE/q8C.png  used on input line 1786.
(pdftex.def)             Requested size: 182.09764pt x 147.59605pt.
<figs/2008/EE/q8D.png, id=942, 165.61874pt x 126.4725pt>
File: figs/2008/EE/q8D.png Graphic file (type png)
<use figs/2008/EE/q8D.png>
Package pdftex.def Info: figs/2008/EE/q8D.png  used on input line 1793.
(pdftex.def)             Requested size: 182.09764pt x 139.06227pt.

Underfull \vbox (badness 10000) has occurred while \output is active []



[36 <./figs/2008/EE/q8B.png> <./figs/2008/EE/q8C.png>]
Underfull \hbox (badness 10000) in paragraph at lines 1799--1806

 []

<figs/2008/EE/q21.png, id=953, 272.51813pt x 87.82813pt>
File: figs/2008/EE/q21.png Graphic file (type png)
<use figs/2008/EE/q21.png>
Package pdftex.def Info: figs/2008/EE/q21.png  used on input line 1815.
(pdftex.def)             Requested size: 182.09764pt x 58.68639pt.
<figs/2008/EE/q22.png, id=954, 223.33438pt x 117.94063pt>
File: figs/2008/EE/q22.png Graphic file (type png)
<use figs/2008/EE/q22.png>
Package pdftex.def Info: figs/2008/EE/q22.png  used on input line 1830.
(pdftex.def)             Requested size: 182.09764pt x 96.16484pt.

Underfull \vbox (badness 10000) has occurred while \output is active []



[37 <./figs/2008/EE/q8D.png> <./figs/2008/EE/q21.png>]
Underfull \hbox (badness 10000) in paragraph at lines 1869--1870
[]
 []


Overfull \hbox (6.9361pt too wide) in paragraph at lines 1869--1870
\OT1/txr/m/n/10 2[] [] [] []$ 
 []

<figs/2008/EE/q41.png, id=976, 337.76187pt x 115.93312pt>
File: figs/2008/EE/q41.png Graphic file (type png)
<use figs/2008/EE/q41.png>
Package pdftex.def Info: figs/2008/EE/q41.png  used on input line 1879.
(pdftex.def)             Requested size: 182.09764pt x 62.50388pt.


[38 <./figs/2008/EE/q22.png>]
<figs/2008/EE/q46.png, id=1004, 310.66063pt x 120.95187pt>
File: figs/2008/EE/q46.png Graphic file (type png)
<use figs/2008/EE/q46.png>
Package pdftex.def Info: figs/2008/EE/q46.png  used on input line 1896.
(pdftex.def)             Requested size: 182.09764pt x 70.89774pt.
<figs/2008/EE/q46-A.png, id=1005, 173.64874pt x 72.77188pt>
File: figs/2008/EE/q46-A.png Graphic file (type png)
<use figs/2008/EE/q46-A.png>
Package pdftex.def Info: figs/2008/EE/q46-A.png  used on input line 1906.
(pdftex.def)             Requested size: 182.09764pt x 76.31499pt.
<figs/2008/EE/q46-B.png, id=1006, 197.73875pt x 75.78313pt>
File: figs/2008/EE/q46-B.png Graphic file (type png)
<use figs/2008/EE/q46-B.png>
Package pdftex.def Info: figs/2008/EE/q46-B.png  used on input line 1908.
(pdftex.def)             Requested size: 182.09764pt x 69.78954pt.
<figs/2008/EE/q46-C.png, id=1007, 167.62625pt x 79.79813pt>
File: figs/2008/EE/q46-C.png Graphic file (type png)
<use figs/2008/EE/q46-C.png>
Package pdftex.def Info: figs/2008/EE/q46-C.png  used on input line 1913.
(pdftex.def)             Requested size: 182.09764pt x 86.6872pt.


[39 <./figs/2008/EE/q41.png> <./figs/2008/EE/q46.png> <./figs/2008/EE/q46-A.png
> <./figs/2008/EE/q46-B.png>]
<figs/2008/EE/q46-D.png, id=1025, 181.17688pt x 69.76062pt>
File: figs/2008/EE/q46-D.png Graphic file (type png)
<use figs/2008/EE/q46-D.png>
Package pdftex.def Info: figs/2008/EE/q46-D.png  used on input line 1918.
(pdftex.def)             Requested size: 182.09764pt x 70.11595pt.
<figs/2008/EE/q56.png, id=1026, 177.66376pt x 97.86563pt>
File: figs/2008/EE/q56.png Graphic file (type png)
<use figs/2008/EE/q56.png>
Package pdftex.def Info: figs/2008/EE/q56.png  used on input line 1927.
(pdftex.def)             Requested size: 182.09764pt x 100.3114pt.
<figs/2008/EE/q56-A.png, id=1027, 163.10938pt x 93.85063pt>
File: figs/2008/EE/q56-A.png Graphic file (type png)
<use figs/2008/EE/q56-A.png>
Package pdftex.def Info: figs/2008/EE/q56-A.png  used on input line 1939.
(pdftex.def)             Requested size: 182.09764pt x 104.78546pt.

Underfull \vbox (badness 10000) has occurred while \output is active []



[40 <./figs/2008/EE/q46-C.png> <./figs/2008/EE/q46-D.png> <./figs/2008/EE/q56.p
ng>]
<figs/2008/EE/q56-B.png, id=1041, 170.13562pt x 102.88437pt>
File: figs/2008/EE/q56-B.png Graphic file (type png)
<use figs/2008/EE/q56-B.png>
Package pdftex.def Info: figs/2008/EE/q56-B.png  used on input line 1947.
(pdftex.def)             Requested size: 182.09764pt x 110.12442pt.
<figs/2008/EE/q56-C.png, id=1042, 163.10938pt x 96.36pt>
File: figs/2008/EE/q56-C.png Graphic file (type png)
<use figs/2008/EE/q56-C.png>
Package pdftex.def Info: figs/2008/EE/q56-C.png  used on input line 1954.
(pdftex.def)             Requested size: 182.09764pt x 107.58719pt.
<figs/2008/EE/q56-D.png, id=1043, 176.66pt x 104.39pt>
File: figs/2008/EE/q56-D.png Graphic file (type png)
<use figs/2008/EE/q56-D.png>
Package pdftex.def Info: figs/2008/EE/q56-D.png  used on input line 1963.
(pdftex.def)             Requested size: 182.09764pt x 107.60411pt.

Underfull \vbox (badness 10000) has occurred while \output is active []



[41 <./figs/2008/EE/q56-A.png> <./figs/2008/EE/q56-B.png> <./figs/2008/EE/q56-C
.png>]
<figs/2008/EE/q59.png, id=1057, 263.98625pt x 126.4725pt>
File: figs/2008/EE/q59.png Graphic file (type png)
<use figs/2008/EE/q59.png>
Package pdftex.def Info: figs/2008/EE/q59.png  used on input line 1972.
(pdftex.def)             Requested size: 182.09764pt x 87.24101pt.
<figs/2008/EE/q61.png, id=1058, 242.9075pt x 131.49126pt>
File: figs/2008/EE/q61.png Graphic file (type png)
<use figs/2008/EE/q61.png>
Package pdftex.def Info: figs/2008/EE/q61.png  used on input line 1994.
(pdftex.def)             Requested size: 182.09764pt x 98.57204pt.


[42 <./figs/2008/EE/q56-D.png> <./figs/2008/EE/q59.png> <./figs/2008/EE/q61.png
>]
<figs/2008/EE/q64.png, id=1076, 333.245pt x 117.43875pt>
File: figs/2008/EE/q64.png Graphic file (type png)
<use figs/2008/EE/q64.png>
Package pdftex.def Info: figs/2008/EE/q64.png  used on input line 2030.
(pdftex.def)             Requested size: 182.09764pt x 64.17397pt.


[43 <./figs/2008/EE/q64.png>]
<figs/2008/EE/q66.png, id=1106, 312.16624pt x 145.04187pt>
File: figs/2008/EE/q66.png Graphic file (type png)
<use figs/2008/EE/q66.png>
Package pdftex.def Info: figs/2008/EE/q66.png  used on input line 2082.
(pdftex.def)             Requested size: 182.09764pt x 84.60901pt.
<figs/2008/EE/q67.png, id=1107, 250.43562pt x 74.2775pt>
File: figs/2008/EE/q67.png Graphic file (type png)
<use figs/2008/EE/q67.png>
Package pdftex.def Info: figs/2008/EE/q67.png  used on input line 2103.
(pdftex.def)             Requested size: 182.09764pt x 54.0113pt.
<figs/2008/EE/q69.png, id=1108, 152.06813pt x 124.96687pt>
File: figs/2008/EE/q69.png Graphic file (type png)
<use figs/2008/EE/q69.png>
Package pdftex.def Info: figs/2008/EE/q69.png  used on input line 2144.
(pdftex.def)             Requested size: 182.09764pt x 149.64868pt.


[44 <./figs/2008/EE/q66.png> <./figs/2008/EE/q67.png>]
<figs/2008/EE/q70.png, id=1136, 203.76125pt x 122.4575pt>
File: figs/2008/EE/q70.png Graphic file (type png)
<use figs/2008/EE/q70.png>
Package pdftex.def Info: figs/2008/EE/q70.png  used on input line 2166.
(pdftex.def)             Requested size: 182.09764pt x 109.44273pt.
<figs/2008/EE/comp3.png, id=1137, 203.25937pt x 124.96687pt>
File: figs/2008/EE/comp3.png Graphic file (type png)
<use figs/2008/EE/comp3.png>
Package pdftex.def Info: figs/2008/EE/comp3.png  used on input line 2189.
(pdftex.def)             Requested size: 182.09764pt x 111.96002pt.


[45 <./figs/2008/EE/q69.png> <./figs/2008/EE/q70.png>]
<figs/2008/EE/q79.png, id=1156, 200.75pt x 64.74188pt>
File: figs/2008/EE/q79.png Graphic file (type png)
<use figs/2008/EE/q79.png>
Package pdftex.def Info: figs/2008/EE/q79.png  used on input line 2245.
(pdftex.def)             Requested size: 182.09764pt x 58.73045pt.


[46 <./figs/2008/EE/comp3.png> <./figs/2008/EE/q79.png>]
<figs/2008/EE/comp4.png, id=1182, 164.11313pt x 95.35625pt>
File: figs/2008/EE/comp4.png Graphic file (type png)
<use figs/2008/EE/comp4.png>
Package pdftex.def Info: figs/2008/EE/comp4.png  used on input line 2268.
(pdftex.def)             Requested size: 182.09764pt x 105.80739pt.
<figs/2008/EE/q81.png, id=1184, 170.6375pt x 73.77562pt>
File: figs/2008/EE/q81.png Graphic file (type png)
<use figs/2008/EE/q81.png>
Package pdftex.def Info: figs/2008/EE/q81.png  used on input line 2289.
(pdftex.def)             Requested size: 182.09764pt x 78.73535pt.
<figs/2008/EE/q81-A.png, id=1185, 148.05313pt x 83.31125pt>
File: figs/2008/EE/q81-A.png Graphic file (type png)
<use figs/2008/EE/q81-A.png>
Package pdftex.def Info: figs/2008/EE/q81-A.png  used on input line 2300.
(pdftex.def)             Requested size: 182.09764pt x 102.47221pt.
<figs/2008/EE/q81-B.png, id=1186, 156.585pt x 91.84312pt>
File: figs/2008/EE/q81-B.png Graphic file (type png)
<use figs/2008/EE/q81-B.png>
Package pdftex.def Info: figs/2008/EE/q81-B.png  used on input line 2309.
(pdftex.def)             Requested size: 182.09764pt x 106.81134pt.


[47 <./figs/2008/EE/comp4.png> <./figs/2008/EE/q81.png> <./figs/2008/EE/q81-A.p
ng>]
<figs/2008/EE/q81-C.png, id=1208, 172.14313pt x 99.37125pt>
File: figs/2008/EE/q81-C.png Graphic file (type png)
<use figs/2008/EE/q81-C.png>
Package pdftex.def Info: figs/2008/EE/q81-C.png  used on input line 2317.
(pdftex.def)             Requested size: 182.09764pt x 105.1177pt.
<figs/2008/EE/q81-D.png, id=1209, 170.6375pt x 87.82813pt>
File: figs/2008/EE/q81-D.png Graphic file (type png)
<use figs/2008/EE/q81-D.png>
Package pdftex.def Info: figs/2008/EE/q81-D.png  used on input line 2326.
(pdftex.def)             Requested size: 182.09764pt x 93.73257pt.


[48 <./figs/2008/EE/q81-B.png> <./figs/2008/EE/q81-C.png> <./figs/2008/EE/q81-D
.png>]
<figs/2008/IN/i5.jpg, id=1225, 847.165pt x 307.1475pt>
File: figs/2008/IN/i5.jpg Graphic file (type jpg)
<use figs/2008/IN/i5.jpg>
Package pdftex.def Info: figs/2008/IN/i5.jpg  used on input line 2345.
(pdftex.def)             Requested size: 182.09764pt x 66.02136pt.
<figs/2008/IN/i6.jpg, id=1227, 1034.86626pt x 333.245pt>
File: figs/2008/IN/i6.jpg Graphic file (type jpg)
<use figs/2008/IN/i6.jpg>
Package pdftex.def Info: figs/2008/IN/i6.jpg  used on input line 2363.
(pdftex.def)             Requested size: 182.09764pt x 58.634pt.
<figs/2008/IN/i7.jpg, id=1229, 999.735pt x 314.17375pt>
File: figs/2008/IN/i7.jpg Graphic file (type jpg)
<use figs/2008/IN/i7.jpg>
Package pdftex.def Info: figs/2008/IN/i7.jpg  used on input line 2387.
(pdftex.def)             Requested size: 182.09764pt x 57.22476pt.


[49 <./figs/2008/IN/i5.jpg> <./figs/2008/IN/i6.jpg> <./figs/2008/IN/i7.jpg>]
<figs/2008/IN/i13.jpg, id=1259, 1084.05pt x 357.335pt>
File: figs/2008/IN/i13.jpg Graphic file (type jpg)
<use figs/2008/IN/i13.jpg>
Package pdftex.def Info: figs/2008/IN/i13.jpg  used on input line 2404.
(pdftex.def)             Requested size: 182.09764pt x 60.02097pt.
<figs/2008/IN/i15.jpg, id=1261, 1084.05pt x 352.31625pt>
File: figs/2008/IN/i15.jpg Graphic file (type jpg)
<use figs/2008/IN/i15.jpg>
Package pdftex.def Info: figs/2008/IN/i15.jpg  used on input line 2423.
(pdftex.def)             Requested size: 182.09764pt x 59.17796pt.
<figs/2008/IN/i16.jpg, id=1263, 986.68625pt x 307.1475pt>
File: figs/2008/IN/i16.jpg Graphic file (type jpg)
<use figs/2008/IN/i16.jpg>
Package pdftex.def Info: figs/2008/IN/i16.jpg  used on input line 2441.
(pdftex.def)             Requested size: 182.09764pt x 56.68547pt.
<figs/2008/IN/i19.jpg, id=1265, 1084.05pt x 362.35374pt>
File: figs/2008/IN/i19.jpg Graphic file (type jpg)
<use figs/2008/IN/i19.jpg>
Package pdftex.def Info: figs/2008/IN/i19.jpg  used on input line 2458.
(pdftex.def)             Requested size: 182.09764pt x 60.86395pt.


[50 <./figs/2008/IN/i13.jpg> <./figs/2008/IN/i15.jpg> <./figs/2008/IN/i16.jpg>]
<figs/2008/IN/i24.jpg, id=1296, 937.5025pt x 413.545pt>
File: figs/2008/IN/i24.jpg Graphic file (type jpg)
<use figs/2008/IN/i24.jpg>
Package pdftex.def Info: figs/2008/IN/i24.jpg  used on input line 2518.
(pdftex.def)             Requested size: 182.09764pt x 80.32228pt.


[51 <./figs/2008/IN/i19.jpg>]
<figs/2008/IN/i25.jpg, id=1327, 459.7175pt x 235.88126pt>
File: figs/2008/IN/i25.jpg Graphic file (type jpg)
<use figs/2008/IN/i25.jpg>
Package pdftex.def Info: figs/2008/IN/i25.jpg  used on input line 2539.
(pdftex.def)             Requested size: 83.04881pt x 42.61156pt.
<figs/2008/IN/i26.jpg, id=1328, 419.5675pt x 236.885pt>
File: figs/2008/IN/i26.jpg Graphic file (type jpg)
<use figs/2008/IN/i26.jpg>
Package pdftex.def Info: figs/2008/IN/i26.jpg  used on input line 2546.
(pdftex.def)             Requested size: 83.04881pt x 46.88818pt.
<figs/2008/IN/i27.jpg, id=1329, 443.6575pt x 247.92625pt>
File: figs/2008/IN/i27.jpg Graphic file (type jpg)
<use figs/2008/IN/i27.jpg>
Package pdftex.def Info: figs/2008/IN/i27.jpg  used on input line 2553.
(pdftex.def)             Requested size: 83.04881pt x 46.4066pt.
<figs/2008/IN/i28.jpg, id=1330, 420.57124pt x 227.85126pt>
File: figs/2008/IN/i28.jpg Graphic file (type jpg)
<use figs/2008/IN/i28.jpg>
Package pdftex.def Info: figs/2008/IN/i28.jpg  used on input line 2560.
(pdftex.def)             Requested size: 83.04881pt x 44.9923pt.
<figs/2008/IN/i29.jpg, id=1332, 1084.05pt x 712.6625pt>
File: figs/2008/IN/i29.jpg Graphic file (type jpg)
<use figs/2008/IN/i29.jpg>
Package pdftex.def Info: figs/2008/IN/i29.jpg  used on input line 2578.
(pdftex.def)             Requested size: 182.09764pt x 119.70473pt.

Underfull \vbox (badness 1515) has occurred while \output is active []



[52 <./figs/2008/IN/i24.jpg> <./figs/2008/IN/i25.jpg> <./figs/2008/IN/i26.jpg> 
<./figs/2008/IN/i27.jpg> <./figs/2008/IN/i28.jpg>]
<figs/2008/IN/i30.jpg, id=1358, 1084.05pt x 339.2675pt>
File: figs/2008/IN/i30.jpg Graphic file (type jpg)
<use figs/2008/IN/i30.jpg>
Package pdftex.def Info: figs/2008/IN/i30.jpg  used on input line 2626.
(pdftex.def)             Requested size: 182.09764pt x 56.98619pt.
<figs/2008/IN/i31.jpg, id=1360, 919.435pt x 353.32pt>
File: figs/2008/IN/i31.jpg Graphic file (type jpg)
<use figs/2008/IN/i31.jpg>
Package pdftex.def Info: figs/2008/IN/i31.jpg  used on input line 2644.
(pdftex.def)             Requested size: 182.09764pt x 69.97267pt.

Underfull \vbox (badness 1264) has occurred while \output is active []



[53 <./figs/2008/IN/i29.jpg> <./figs/2008/IN/i30.jpg>]
<figs/2008/IN/i34.jpg, id=1384, 825.0825pt x 409.53pt>
File: figs/2008/IN/i34.jpg Graphic file (type jpg)
<use figs/2008/IN/i34.jpg>
Package pdftex.def Info: figs/2008/IN/i34.jpg  used on input line 2663.
(pdftex.def)             Requested size: 109.25969pt x 54.22809pt.


[54 <./figs/2008/IN/i31.jpg> <./figs/2008/IN/i34.jpg>]) (./GATE/signal/discrete
.tex

[55]
Underfull \hbox (badness 1648) in paragraph at lines 85--89
[]\OT1/txr/m/n/10 The fol-low-ing equa-tion needs to be nu-mer-i-cally solved u
s-ing the Newton-
 []

<figs/2007/EC/Q2.jpg, id=1463, 1084.05pt x 710.655pt>
File: figs/2007/EC/Q2.jpg Graphic file (type jpg)
<use figs/2007/EC/Q2.jpg>
Package pdftex.def Info: figs/2007/EC/Q2.jpg  used on input line 122.
(pdftex.def)             Requested size: 145.67589pt x 95.48969pt.


[56 <./figs/2007/EC/Q2.jpg>]
<figs/2007/EE/q 36 2007.png, id=1505, 301.125pt x 138.5175pt>
File: figs/2007/EE/q 36 2007.png Graphic file (type png)
<use figs/2007/EE/q 36 2007.png>
Package pdftex.def Info: figs/2007/EE/q 36 2007.png  used on input line 236.
(pdftex.def)             Requested size: 145.67589pt x 67.01392pt.


[57 <./figs/2007/EE/q 36 2007.png (PNG copy)>]
LaTeX Font Info:    Trying to load font information for OMS+txr on input line 2
83.

(/opt/homebrew/Cellar/texlive/20250308_1/share/texmf-dist/tex/latex/txfonts/oms
txr.fd
File: omstxr.fd 2000/12/15 v3.1
)
LaTeX Font Info:    Font shape `OMS/txr/m/n' in size <10> not available
(Font)              Font shape `OMS/txsy/m/n' tried instead on input line 283.


[58]

[59]
Underfull \hbox (badness 10000) in paragraph at lines 447--448

 []



[60]
<figs/2007/PI/Q.4.png, id=1661, 112.62074pt x 61.4295pt>
File: figs/2007/PI/Q.4.png Graphic file (type png)
<use figs/2007/PI/Q.4.png>
Package pdftex.def Info: figs/2007/PI/Q.4.png  used on input line 562.
(pdftex.def)             Requested size: 91.04881pt x 49.66386pt.


[61 <./figs/2007/PI/Q.4.png>]

[62]

[63]
Underfull \hbox (badness 10000) in paragraph at lines 828--829

 []


Underfull \hbox (badness 10000) in paragraph at lines 830--831

 []


Underfull \hbox (badness 10000) in paragraph at lines 832--833

 []


Underfull \hbox (badness 10000) in paragraph at lines 834--835

 []



[64]

[65]
<figs/2008/CH/qn5.jpg, id=1860, 582.175pt x 372.39125pt>
File: figs/2008/CH/qn5.jpg Graphic file (type jpg)
<use figs/2008/CH/qn5.jpg>
Package pdftex.def Info: figs/2008/CH/qn5.jpg  used on input line 967.
(pdftex.def)             Requested size: 91.04881pt x 58.23712pt.


[66 <./figs/2008/CH/qn5.jpg>]
Underfull \hbox (badness 8075) in paragraph at lines 1095--1096
[]$\OML/txmi/m/it/10 x[] \OT1/txr/m/n/10 = (1 +
 []


Underfull \hbox (badness 10000) in paragraph at lines 1096--1097
[]$\OML/txmi/m/it/10 x[] \OT1/txr/m/n/10 =
 []



[67]
<figs/2008/EC/q7879.png, id=1948, 1088.065pt x 281.05pt>
File: figs/2008/EC/q7879.png Graphic file (type png)
<use figs/2008/EC/q7879.png>
Package pdftex.def Info: figs/2008/EC/q7879.png  used on input line 1148.
(pdftex.def)             Requested size: 218.5194pt x 56.44485pt.


[68 <./figs/2008/EC/q7879.png>]

[69]) (./GATE/opt.tex

[70]

[71]

[72]

[73]
<figs/2007/PI/Q.71.png, id=2157, 329.43076pt x 115.632pt>
File: figs/2007/PI/Q.71.png Graphic file (type png)
<use figs/2007/PI/Q.71.png>
Package pdftex.def Info: figs/2007/PI/Q.71.png  used on input line 350.
(pdftex.def)             Requested size: 364.1953pt x 127.84312pt.


[74]

[75 <./figs/2007/PI/Q.71.png>]) (./GATE/prob.tex

[76]
<figs/2007/EC/Q74Q75.jpg, id=2264, 1076.02pt x 509.905pt>
File: figs/2007/EC/Q74Q75.jpg Graphic file (type jpg)
<use figs/2007/EC/Q74Q75.jpg>
Package pdftex.def Info: figs/2007/EC/Q74Q75.jpg  used on input line 105.
(pdftex.def)             Requested size: 218.5194pt x 103.55084pt.


[77]
<figs/2007/EC/Q82Q83.jpg, id=2308, 999.735pt x 433.62pt>
File: figs/2007/EC/Q82Q83.jpg Graphic file (type jpg)
<use figs/2007/EC/Q82Q83.jpg>
Package pdftex.def Info: figs/2007/EC/Q82Q83.jpg  used on input line 136.
(pdftex.def)             Requested size: 145.67589pt x 63.18095pt.


[78 <./figs/2007/EC/Q74Q75.jpg> <./figs/2007/EC/Q82Q83.jpg>]

[79]

[80]

[81]

[82]

[83]
<figs/2008/EC/q24a.png, id=2511, 685.56125pt x 295.1025pt>
File: figs/2008/EC/q24a.png Graphic file (type png)
<use figs/2008/EC/q24a.png>
Package pdftex.def Info: figs/2008/EC/q24a.png  used on input line 617.
(pdftex.def)             Requested size: 182.09764pt x 78.3819pt.
<figs/2008/EC/q24b.png, id=2512, 1189.44376pt x 850.17625pt>
File: figs/2008/EC/q24b.png Graphic file (type png)
<use figs/2008/EC/q24b.png>
Package pdftex.def Info: figs/2008/EC/q24b.png  used on input line 624.
(pdftex.def)             Requested size: 345.98442pt x 247.29721pt.


[84 <./figs/2008/EC/q24a.png>]

[85 <./figs/2008/EC/q24b.png>]) (./GATE/matrix.tex) (./GATE/analysis.tex

[86]) (./GATE/topol.tex) (./GATE/diff.tex) (./GATE/complex.tex) (./GATE/abstrac
t.tex

[87])

[88] (./main.aux)
 ***********
LaTeX2e <2024-11-01> patch level 2
L3 programming layer <2020/03/25>
 ***********
Package rerunfilecheck Info: File `main.out' has not changed.
(rerunfilecheck)             Checksum: CB787014CFE91A91F8C65633A9E13F58;1127.
 ) 
Here is how much of TeX's memory you used:
 57351 strings out of 473190
 1351646 string characters out of 5704335
 1901073 words of memory out of 5000000
 77695 multiletter control sequences out of 15000+600000
 655920 words of font info for 252 fonts, out of 8000000 for 9000
 1144 hyphenation exceptions out of 8191
 109i,16n,109p,1194b,1434s stack positions out of 10000i,1000n,20000p,200000b,200000s
</opt/homebrew/Cellar/texlive/20250308_1/share/texmf-dist/fonts/type1/public/
txfonts/rtxb.pfb></opt/homebrew/Cellar/texlive/20250308_1/share/texmf-dist/font
s/type1/public/txfonts/rtxmi.pfb></opt/homebrew/Cellar/texlive/20250308_1/share
/texmf-dist/fonts/type1/public/txfonts/rtxr.pfb></opt/homebrew/Cellar/texlive/2
0250308_1/share/texmf-dist/fonts/type1/public/txfonts/rtxsc.pfb></opt/homebrew/
Cellar/texlive/20250308_1/share/texmf-dist/fonts/type1/public/txfonts/txex.pfb>
</opt/homebrew/Cellar/texlive/20250308_1/share/texmf-dist/fonts/type1/public/tx
fonts/txexa.pfb></opt/homebrew/Cellar/texlive/20250308_1/share/texmf-dist/fonts
/type1/public/txfonts/txsy.pfb></opt/homebrew/Cellar/texlive/20250308_1/share/t
exmf-dist/fonts/type1/public/txfonts/txsyb.pfb></opt/homebrew/Cellar/texlive/20
250308_1/share/texmf-dist/fonts/type1/public/txfonts/txsyc.pfb></opt/homebrew/C
ellar/texlive/20250308_1/share/texmf-dist/fonts/type1/urw/times/utmb8a.pfb></op
t/homebrew/Cellar/texlive/20250308_1/share/texmf-dist/fonts/type1/urw/times/utm
r8a.pfb></opt/homebrew/Cellar/texlive/20250308_1/share/texmf-dist/fonts/type1/u
rw/times/utmri8a.pfb>
Output written on main.pdf (88 pages, 7731908 bytes).
PDF statistics:
 3126 PDF objects out of 3580 (max. 8388607)
 2797 compressed objects within 28 object streams
 2075 named destinations out of 2487 (max. 500000)
 767 words of extra memory for PDF output out of 10000 (max. 10000000)

